,doc,decides,decides_act,art25_charter,chpVII,art39_charter,art40_charter,art41_charter,art39lang,demand,authorizes,requests,int_peace_sec,art39lang_wout,year,decade
0,S_RES_0001_1946,0,0,0,0,0,0,0,0,0,0,1,0,0,1946,1940
1,S_RES_0002_1946,0,0,0,0,0,0,0,0,0,0,1,0,0,1946,1940
2,S_RES_0003_1946,0,0,0,0,0,0,0,0,0,0,0,0,0,1946,1940
3,S_RES_0004_1946,0,0,0,0,0,0,0,1,0,0,0,1,0,1946,1940
4,S_RES_0005_1946,0,0,0,0,0,0,0,0,0,0,0,0,0,1946,1940
5,S_RES_0006_1946,0,0,0,0,0,0,0,0,0,0,0,0,0,1946,1940
6,S_RES_0007_1946,1,0,0,0,0,0,0,1,0,0,0,1,0,1946,1940
7,S_RES_0008_1946,0,0,0,0,0,0,0,0,0,0,0,0,0,1946,1940
8,S_RES_0009_1946,0,0,0,0,0,0,0,0,0,0,0,0,0,1946,1940
9,S_RES_0010_1946,0,0,0,0,0,0,0,0,0,0,1,0,0,1946,1940
10,S_RES_0011_1946,0,0,0,0,0,0,0,0,0,0,0,0,0,1946,1940
11,S_RES_0012_1946,0,0,0,0,0,0,0,0,0,0,0,0,0,1946,1940
12,S_RES_0013_1946,0,0,0,0,0,0,0,0,0,0,0,0,0,1946,1940
13,S_RES_0014_1946,0,0,0,0,0,0,0,0,0,0,0,0,0,1946,1940
14,S_RES_0015_1946,0,0,0,0,0,0,0,0,0,0,0,0,0,1946,1940
15,S_RES_0016_1947,0,0,0,0,0,0,0,0,0,0,0,0,0,1947,1940
16,S_RES_0017_1947,0,0,0,0,0,0,0,0,0,0,0,0,0,1947,1940
17,S_RES_0018_1947,0,0,0,0,0,0,0,1,0,0,0,1,0,1947,1940
18,S_RES_0019_1947,0,0,0,0,0,0,0,0,0,0,0,0,0,1947,1940
19,S_RES_0020_1947,0,0,0,0,0,0,0,0,0,0,1,0,0,1947,1940
20,S_RES_0021_1947,0,0,0,0,0,0,0,1,0,0,0,1,0,1947,1940
21,S_RES_0022_1947,0,0,0,0,0,0,0,0,0,0,0,0,0,1947,1940
22,S_RES_0023_1947,0,0,0,0,0,0,0,0,0,0,0,0,0,1947,1940
23,S_RES_0024_1947,0,0,0,0,0,0,0,0,0,0,0,0,0,1947,1940
24,S_RES_0025_1947,0,0,0,0,0,0,0,0,0,0,0,0,0,1947,1940
25,S_RES_0026_1947,0,0,0,0,0,0,0,0,0,0,0,0,0,1947,1940
26,S_RES_0027_1947,0,0,0,0,0,0,0,0,0,0,0,0,0,1947,1940
27,S_RES_0028_1947,0,0,0,0,0,0,0,0,0,0,0,0,0,1947,1940
28,S_RES_0029_1947,0,0,0,0,0,0,0,0,0,0,0,0,0,1947,1940
29,S_RES_0030_1947,0,0,0,0,0,0,0,0,0,0,1,0,0,1947,1940
30,S_RES_0031_1947,0,0,0,0,0,0,0,0,0,0,0,0,0,1947,1940
31,S_RES_0032_1947,0,0,0,0,0,0,0,0,0,0,0,0,0,1947,1940
32,S_RES_0033_1947,0,0,0,0,0,0,0,0,0,0,0,0,0,1947,1940
33,S_RES_0034_1947,0,0,0,0,0,0,0,0,0,0,1,0,0,1947,1940
34,S_RES_0035_1947,0,0,0,0,0,0,0,0,0,0,0,0,0,1947,1940
35,S_RES_0036_1947,0,0,0,0,0,0,0,0,0,0,1,0,0,1947,1940
36,S_RES_0037_1947,1,0,0,0,0,0,0,0,0,0,0,0,0,1947,1940
37,S_RES_0038_1948,0,0,0,0,0,0,0,0,0,0,1,0,0,1948,1940
38,S_RES_0039_1948,0,0,0,0,0,0,0,1,0,0,0,1,0,1948,1940
39,S_RES_0040_1948,0,0,0,0,0,0,0,0,0,0,1,0,0,1948,1940
40,S_RES_0041_1948,0,0,0,0,0,0,0,0,0,0,1,0,0,1948,1940
41,S_RES_0042_1948,0,0,0,0,0,0,0,0,0,0,0,0,0,1948,1940
42,S_RES_0043_1948,0,0,0,0,0,0,0,1,0,0,0,1,0,1948,1940
43,S_RES_0044_1948,0,0,0,0,0,0,0,0,0,0,1,0,0,1948,1940
44,S_RES_0045_1948,0,0,0,0,0,0,0,0,0,0,0,0,0,1948,1940
45,S_RES_0046_1948,0,0,0,0,0,0,0,0,0,0,1,0,0,1948,1940
46,S_RES_0047_1948,0,0,0,0,0,0,0,1,0,0,0,1,0,1948,1940
47,S_RES_0048_1948,0,0,0,0,0,0,0,0,0,0,1,0,0,1948,1940
48,S_RES_0049_1948,0,0,0,0,0,0,0,0,0,0,0,0,0,1948,1940
49,S_RES_0050_1948,1,0,0,1,0,0,0,0,0,0,0,0,0,1948,1940
50,S_RES_0051_1948,0,0,0,0,0,0,0,0,0,0,0,0,0,1948,1940
51,S_RES_0052_1948,0,0,0,0,0,0,0,0,0,0,0,0,0,1948,1940
52,S_RES_0053_1948,0,0,0,0,0,0,0,0,0,0,0,0,0,1948,1940
53,S_RES_0054_1948,1,0,0,1,1,1,0,1,0,1,1,0,1,1948,1940
54,S_RES_0055_1948,0,0,0,0,0,0,0,0,0,0,0,0,0,1948,1940
55,S_RES_0056_1948,1,0,0,0,0,0,0,0,0,0,0,0,0,1948,1940
56,S_RES_0057_1948,0,0,0,0,0,0,0,0,0,0,0,0,0,1948,1940
57,S_RES_0058_1948,0,0,0,0,0,0,0,0,0,0,0,0,0,1948,1940
58,S_RES_0059_1948,0,0,0,0,0,0,0,1,0,0,1,0,1,1948,1940
59,S_RES_0060_1948,0,0,0,0,0,0,0,0,0,0,0,0,0,1948,1940
60,S_RES_0061_1948,0,0,0,1,0,0,0,0,0,0,0,0,0,1948,1940
61,S_RES_0062_1948,1,0,0,0,1,1,0,1,0,0,0,0,1,1948,1940
62,S_RES_0063_1948,0,0,0,0,0,0,0,0,0,0,0,0,0,1948,1940
63,S_RES_0064_1948,0,0,0,0,0,0,0,0,0,0,0,0,0,1948,1940
64,S_RES_0065_1948,0,0,0,0,0,0,0,0,0,0,1,0,0,1948,1940
65,S_RES_0066_1948,0,0,0,0,0,0,0,0,0,0,0,0,0,1948,1940
66,S_RES_0067_1949,0,0,0,0,0,0,0,1,0,0,1,1,0,1949,1940
67,S_RES_0068_1949,0,0,0,0,0,0,0,0,0,0,0,0,0,1949,1940
68,S_RES_0069_1949,1,0,0,0,0,0,0,0,0,0,0,0,0,1949,1940
69,S_RES_0070_1949,0,0,0,0,0,0,0,0,0,0,0,0,0,1949,1940
70,S_RES_0071_1949,0,0,0,0,0,0,0,0,0,0,0,0,0,1949,1940
71,S_RES_0072_1949,0,0,0,0,0,0,0,0,0,0,0,0,0,1949,1940
72,S_RES_0073_1949,1,0,0,0,0,1,0,0,0,0,1,0,0,1949,1940
73,S_RES_0074_1949,0,0,0,0,0,0,0,0,0,0,0,0,0,1949,1940
74,S_RES_0075_1949,0,0,0,0,0,0,0,0,0,0,0,0,0,1949,1940
75,S_RES_0076_1949,0,0,0,0,0,0,0,0,0,0,0,0,0,1949,1940
76,S_RES_0077_1949,0,0,0,0,0,0,0,0,0,0,0,0,0,1949,1940
77,S_RES_0078_1949,0,0,0,0,0,0,0,0,0,0,1,0,0,1949,1940
78,S_RES_0079_1950,1,0,0,0,0,0,0,0,0,0,0,0,0,1950,1950
79,S_RES_0080_1950,1,0,0,0,0,0,0,0,0,0,1,0,0,1950,1950
80,S_RES_0081_1950,1,0,0,0,0,0,0,0,0,0,0,0,0,1950,1950
81,S_RES_0082_1950,0,0,0,0,0,0,0,1,0,0,1,0,1,1950,1950
82,S_RES_0083_1950,0,0,0,0,0,0,0,1,0,0,0,1,1,1950,1950
83,S_RES_0084_1950,0,0,0,0,0,0,0,1,0,1,1,1,1,1950,1950
84,S_RES_0085_1950,0,0,0,0,0,0,0,0,0,0,1,0,0,1950,1950
85,S_RES_0086_1950,0,0,0,0,0,0,0,0,0,0,0,0,0,1950,1950
86,S_RES_0087_1950,1,0,0,0,0,0,0,1,0,0,0,1,1,1950,1950
87,S_RES_0088_1950,1,0,0,0,0,0,0,0,0,0,0,0,0,1950,1950
88,S_RES_0089_1950,0,0,0,0,0,0,0,0,0,1,1,0,0,1950,1950
89,S_RES_0090_1951,0,0,0,0,0,0,0,1,0,0,0,0,1,1951,1950
90,S_RES_0091_1951,1,0,0,0,0,0,0,1,0,0,1,1,0,1951,1950
91,S_RES_0092_1951,0,0,0,0,0,0,0,0,0,0,0,0,0,1951,1950
92,S_RES_0093_1951,1,0,0,0,0,0,0,1,0,1,1,1,0,1951,1950
93,S_RES_0094_1951,1,0,0,0,0,0,0,0,0,0,0,0,0,1951,1950
94,S_RES_0095_1951,0,0,0,0,0,0,0,0,0,0,0,0,0,1951,1950
95,S_RES_0096_1951,0,0,0,0,0,0,0,0,0,0,0,0,0,1951,1950
96,S_RES_0097_1952,0,0,0,0,0,0,0,0,0,0,0,0,0,1952,1950
97,S_RES_0098_1952,0,0,0,0,0,0,0,0,0,0,1,0,0,1952,1950
98,S_RES_0099_1953,1,0,0,0,0,0,0,0,0,0,0,0,0,1953,1950
99,S_RES_0100_1953,0,0,0,0,0,0,0,0,0,0,0,0,0,1953,1950
100,S_RES_0101_1953,0,0,0,0,0,0,0,0,0,0,1,0,0,1953,1950
101,S_RES_0102_1953,0,0,0,0,0,0,0,0,0,0,0,0,0,1953,1950
102,S_RES_0103_1953,0,0,0,0,0,0,0,0,0,0,0,0,0,1953,1950
103,S_RES_0104_1954,0,0,0,0,0,0,0,0,0,0,1,0,0,1954,1950
104,S_RES_0105_1954,1,0,0,0,0,0,0,0,0,0,0,0,0,1954,1950
105,S_RES_0106_1955,0,0,0,0,0,0,0,0,0,0,0,0,0,1955,1950
106,S_RES_0107_1955,0,0,0,0,0,0,0,0,0,0,1,0,0,1955,1950
107,S_RES_0108_1955,0,0,0,0,0,0,0,0,0,0,1,0,0,1955,1950
108,S_RES_0109_1955,0,0,0,0,0,0,0,0,0,0,0,0,0,1955,1950
109,S_RES_0110_1955,0,0,0,0,0,0,0,0,0,0,0,0,0,1955,1950
110,S_RES_0111_1956,0,0,0,0,0,0,0,0,0,0,1,0,0,1956,1950
111,S_RES_0112_1956,0,0,0,0,0,0,0,0,0,0,0,0,0,1956,1950
112,S_RES_0113_1956,0,0,0,0,0,0,0,1,0,0,1,1,0,1956,1950
113,S_RES_0114_1956,0,0,0,0,0,0,0,0,0,0,1,0,0,1956,1950
114,S_RES_0115_1956,0,0,0,0,0,0,0,0,0,0,0,0,0,1956,1950
115,S_RES_0116_1956,0,0,0,0,0,0,0,0,0,0,0,0,0,1956,1950
116,S_RES_0117_1956,1,0,0,0,0,0,0,0,0,0,0,0,0,1956,1950
117,S_RES_0118_1956,0,0,0,0,0,0,0,0,0,0,0,0,0,1956,1950
118,S_RES_0119_1956,1,0,0,0,0,0,0,1,0,0,0,1,0,1956,1950
119,S_RES_0120_1956,1,0,0,0,0,0,0,1,0,0,0,1,0,1956,1950
120,S_RES_0121_1956,0,0,0,0,0,0,0,0,0,0,0,0,0,1956,1950
121,S_RES_0122_1957,1,0,0,0,0,0,0,0,0,0,0,0,0,1957,1950
122,S_RES_0123_1957,0,0,0,0,0,0,0,0,0,0,1,0,0,1957,1950
123,S_RES_0124_1957,0,0,0,0,0,0,0,0,0,0,0,0,0,1957,1950
124,S_RES_0125_1957,0,0,0,0,0,0,0,0,0,0,0,0,0,1957,1950
125,S_RES_0126_1957,0,0,0,0,0,0,0,0,0,1,1,0,0,1957,1950
126,S_RES_0127_1958,0,0,0,0,0,0,0,0,0,0,1,0,0,1958,1950
127,S_RES_0128_1958,1,0,0,0,0,0,0,0,0,1,1,0,0,1958,1950
128,S_RES_0129_1958,1,0,0,0,0,0,0,1,0,0,0,1,0,1958,1950
129,S_RES_0130_1958,1,0,0,0,0,0,0,0,0,0,0,0,0,1958,1950
130,S_RES_0131_1958,0,0,0,0,0,0,0,0,0,0,0,0,0,1958,1950
131,S_RES_0132_1959,1,0,0,0,0,0,0,0,0,0,0,0,0,1959,1950
132,S_RES_0133_1960,0,0,0,0,0,0,0,0,0,0,0,0,0,1960,1960
133,S_RES_0134_1960,0,0,0,0,0,0,0,1,0,0,1,1,0,1960,1960
134,S_RES_0135_1960,0,0,0,0,0,0,0,1,0,0,1,1,0,1960,1960
135,S_RES_0136_1960,0,0,0,0,0,0,0,0,0,0,0,0,0,1960,1960
136,S_RES_0137_1960,1,0,0,0,0,0,0,0,0,0,0,0,0,1960,1960
137,S_RES_0138_1960,0,0,0,0,0,0,0,1,0,0,1,1,0,1960,1960
138,S_RES_0139_1960,0,0,0,0,0,0,0,0,0,0,0,0,0,1960,1960
139,S_RES_0140_1960,0,0,0,0,0,0,0,0,0,0,0,0,0,1960,1960
140,S_RES_0141_1960,0,0,0,0,0,0,0,0,0,0,0,0,0,1960,1960
141,S_RES_0142_1960,0,0,0,0,0,0,0,0,0,0,0,0,0,1960,1960
142,S_RES_0143_1960,1,0,0,0,0,0,0,0,0,0,1,0,0,1960,1960
143,S_RES_0144_1960,1,0,0,0,0,0,0,1,0,0,0,1,0,1960,1960
144,S_RES_0145_1960,0,0,0,0,0,0,0,1,0,1,1,1,0,1960,1960
145,S_RES_0146_1960,0,0,0,0,0,0,0,0,0,0,1,0,0,1960,1960
146,S_RES_0147_1960,0,0,0,0,0,0,0,0,0,0,0,0,0,1960,1960
147,S_RES_0148_1960,0,0,0,0,0,0,0,0,0,0,0,0,0,1960,1960
148,S_RES_0149_1960,0,0,0,0,0,0,0,0,0,0,0,0,0,1960,1960
149,S_RES_0150_1960,0,0,0,0,0,0,0,0,0,0,0,0,0,1960,1960
150,S_RES_0151_1960,0,0,0,0,0,0,0,0,0,0,0,0,0,1960,1960
151,S_RES_0152_1960,0,0,0,0,0,0,0,0,0,0,0,0,0,1960,1960
152,S_RES_0153_1960,0,0,0,0,0,0,0,0,0,0,0,0,0,1960,1960
153,S_RES_0154_1960,0,0,0,0,0,0,0,0,0,0,0,0,0,1960,1960
154,S_RES_0155_1960,0,0,0,0,0,0,0,0,0,0,0,0,0,1960,1960
155,S_RES_0156_1960,0,0,0,0,0,0,0,0,0,0,0,0,0,1960,1960
156,S_RES_0157_1960,1,0,0,0,0,0,0,1,0,0,0,1,0,1960,1960
157,S_RES_0158_1960,0,0,0,0,0,0,0,0,0,0,0,0,0,1960,1960
158,S_RES_0159_1960,0,0,0,0,0,0,0,0,0,0,0,0,0,1960,1960
159,S_RES_0160_1960,0,0,0,0,0,0,0,0,0,0,0,0,0,1960,1960
160,S_RES_0161_1961,1,0,0,0,0,0,0,1,0,0,0,1,1,1961,1960
161,S_RES_0162_1961,0,0,0,0,0,0,0,0,0,0,1,0,0,1961,1960
162,S_RES_0163_1961,0,0,0,0,0,0,0,1,0,0,1,1,0,1961,1960
163,S_RES_0164_1961,1,0,0,0,0,0,0,0,0,0,0,0,0,1961,1960
164,S_RES_0165_1961,0,0,0,0,0,0,0,0,0,0,0,0,0,1961,1960
165,S_RES_0166_1961,0,0,0,0,0,0,0,0,0,0,0,0,0,1961,1960
166,S_RES_0167_1961,0,0,0,0,0,0,0,0,0,0,0,0,0,1961,1960
167,S_RES_0168_1961,0,0,0,0,0,0,0,0,0,0,0,0,0,1961,1960
168,S_RES_0169_1961,0,0,0,0,0,0,0,0,1,1,1,0,0,1961,1960
169,S_RES_0170_1961,0,0,0,0,0,0,0,0,0,0,0,0,0,1961,1960
170,S_RES_0171_1962,0,0,0,0,0,0,0,0,0,0,1,0,0,1962,1960
171,S_RES_0172_1962,0,0,0,0,0,0,0,0,0,0,0,0,0,1962,1960
172,S_RES_0173_1962,0,0,0,0,0,0,0,0,0,0,0,0,0,1962,1960
173,S_RES_0174_1962,0,0,0,0,0,0,0,0,0,0,0,0,0,1962,1960
174,S_RES_0175_1962,0,0,0,0,0,0,0,0,0,0,0,0,0,1962,1960
175,S_RES_0176_1962,0,0,0,0,0,0,0,0,0,0,0,0,0,1962,1960
176,S_RES_0177_1962,0,0,0,0,0,0,0,0,0,0,0,0,0,1962,1960
177,S_RES_0178_1963,0,0,0,0,0,0,0,0,0,0,1,0,0,1963,1960
178,S_RES_0179_1963,0,0,0,0,0,0,0,0,0,0,1,0,0,1963,1960
179,S_RES_0180_1963,0,0,0,0,0,0,0,0,0,0,1,0,0,1963,1960
180,S_RES_0181_1963,0,0,0,0,0,0,0,1,0,0,1,1,0,1963,1960
181,S_RES_0182_1963,0,0,0,0,0,0,0,1,0,0,1,1,0,1963,1960
182,S_RES_0183_1963,0,0,0,0,0,0,0,0,0,0,1,0,0,1963,1960
183,S_RES_0184_1963,0,0,0,0,0,0,0,0,0,0,0,0,0,1963,1960
184,S_RES_0185_1963,0,0,0,0,0,0,0,0,0,0,0,0,0,1963,1960
185,S_RES_0186_1964,0,0,0,0,0,0,0,1,0,0,1,1,0,1964,1960
186,S_RES_0187_1964,0,0,0,0,0,0,0,0,0,0,1,0,0,1964,1960
187,S_RES_0188_1964,0,0,0,0,0,0,0,0,0,0,1,0,0,1964,1960
188,S_RES_0189_1964,1,0,0,0,0,0,0,0,0,0,1,0,0,1964,1960
189,S_RES_0190_1964,0,0,0,0,0,0,0,0,0,0,0,0,0,1964,1960
190,S_RES_0191_1964,1,0,0,0,0,0,0,1,0,1,1,1,0,1964,1960
191,S_RES_0192_1964,0,0,0,0,0,0,0,0,0,0,0,0,0,1964,1960
192,S_RES_0193_1964,0,0,0,0,0,0,0,0,0,0,0,0,0,1964,1960
193,S_RES_0194_1964,0,0,0,0,0,0,0,0,0,0,1,0,0,1964,1960
194,S_RES_0195_1964,0,0,0,0,0,0,0,0,0,0,0,0,0,1964,1960
195,S_RES_0196_1964,0,0,0,0,0,0,0,0,0,0,0,0,0,1964,1960
196,S_RES_0197_1964,0,0,0,0,0,0,0,0,0,0,0,0,0,1964,1960
197,S_RES_0198_1964,0,0,0,0,0,0,0,0,0,0,0,0,0,1964,1960
198,S_RES_0199_1964,0,0,0,0,0,0,0,0,0,0,1,0,0,1964,1960
199,S_RES_0200_1965,0,0,0,0,0,0,0,0,0,0,0,0,0,1965,1960
200,S_RES_0201_1965,0,0,0,0,0,0,0,0,0,0,0,0,0,1965,1960
201,S_RES_0202_1965,1,0,0,0,0,0,0,0,0,0,1,0,0,1965,1960
202,S_RES_0203_1965,0,0,0,0,0,0,0,0,0,0,0,0,0,1965,1960
203,S_RES_0204_1965,0,0,0,0,0,0,0,0,0,0,1,0,0,1965,1960
204,S_RES_0205_1965,0,0,0,0,0,0,0,0,0,0,1,0,0,1965,1960
205,S_RES_0206_1965,0,0,0,0,0,0,0,0,0,0,0,0,0,1965,1960
206,S_RES_0207_1965,0,0,0,0,0,0,0,0,0,0,0,0,0,1965,1960
207,S_RES_0208_1965,1,0,0,0,0,0,0,0,0,0,0,0,0,1965,1960
208,S_RES_0209_1965,0,0,0,0,0,0,0,0,0,0,1,0,0,1965,1960
209,S_RES_0210_1965,1,0,0,0,0,0,0,0,0,0,1,0,0,1965,1960
210,S_RES_0211_1965,1,0,0,0,0,0,0,0,1,0,1,0,0,1965,1960
211,S_RES_0212_1965,0,0,0,0,0,0,0,0,0,0,0,0,0,1965,1960
212,S_RES_0213_1965,0,0,0,0,0,0,0,0,0,0,0,0,0,1965,1960
213,S_RES_0214_1965,0,0,0,0,0,0,0,0,1,0,0,0,0,1965,1960
214,S_RES_0215_1965,0,0,0,0,0,0,0,0,1,0,1,0,0,1965,1960
215,S_RES_0216_1965,1,0,0,0,0,0,0,0,0,0,0,0,0,1965,1960
216,S_RES_0217_1965,1,0,0,0,0,0,0,1,0,0,0,1,1,1965,1960
217,S_RES_0218_1965,0,0,0,0,0,0,0,1,0,0,1,1,0,1965,1960
218,S_RES_0219_1965,0,0,0,0,0,0,0,0,0,0,0,0,0,1965,1960
219,S_RES_0220_1966,0,0,0,0,0,0,0,0,0,0,0,0,0,1966,1960
220,S_RES_0221_1966,0,0,0,0,0,0,0,1,0,0,0,0,1,1966,1960
221,S_RES_0222_1966,0,0,0,0,0,0,0,0,0,0,0,0,0,1966,1960
222,S_RES_0223_1966,0,0,0,0,0,0,0,0,0,0,0,0,0,1966,1960
223,S_RES_0224_1966,0,0,0,0,0,0,0,0,0,0,0,0,0,1966,1960
224,S_RES_0225_1966,0,0,0,0,0,0,0,0,0,0,0,0,0,1966,1960
225,S_RES_0226_1966,0,0,0,0,0,0,0,0,0,0,1,0,0,1966,1960
226,S_RES_0227_1966,0,0,0,0,0,0,0,0,0,0,0,0,0,1966,1960
227,S_RES_0228_1966,0,0,0,0,0,0,0,0,0,0,1,0,0,1966,1960
228,S_RES_0229_1966,0,0,0,0,0,0,0,0,0,0,0,0,0,1966,1960
229,S_RES_0230_1966,0,0,0,0,0,0,0,0,0,0,0,0,0,1966,1960
230,S_RES_0231_1966,0,0,0,0,0,0,0,0,0,0,0,0,0,1966,1960
231,S_RES_0232_1966,1,0,1,0,1,0,1,1,0,0,1,1,1,1966,1960
232,S_RES_0233_1967,0,0,0,0,0,0,0,0,0,0,1,0,0,1967,1960
233,S_RES_0234_1967,0,0,0,0,0,0,0,0,1,0,1,0,0,1967,1960
234,S_RES_0235_1967,0,0,0,0,0,0,0,0,1,0,1,0,0,1967,1960
235,S_RES_0236_1967,0,0,0,0,0,0,0,0,0,0,1,0,0,1967,1960
236,S_RES_0237_1967,0,0,0,0,0,0,0,0,0,0,1,0,0,1967,1960
237,S_RES_0238_1967,0,0,0,0,0,0,0,0,0,0,0,0,0,1967,1960
238,S_RES_0239_1967,1,0,0,0,0,0,0,0,0,0,1,0,0,1967,1960
239,S_RES_0240_1967,0,0,0,0,0,0,0,0,1,0,0,0,0,1967,1960
240,S_RES_0241_1967,1,0,0,0,0,0,0,0,0,0,1,0,0,1967,1960
241,S_RES_0242_1967,0,0,0,0,0,0,0,0,0,0,1,0,0,1967,1960
242,S_RES_0243_1967,0,0,0,0,0,0,0,0,0,0,0,0,0,1967,1960
243,S_RES_0244_1967,1,0,0,0,0,0,0,0,0,0,1,0,0,1967,1960
244,S_RES_0245_1968,0,1,0,0,0,0,0,0,0,0,1,0,0,1968,1960
245,S_RES_0246_1968,1,1,0,0,0,0,0,0,1,0,1,0,0,1968,1960
246,S_RES_0247_1968,0,0,0,0,0,0,0,0,0,0,0,0,0,1968,1960
247,S_RES_0248_1968,0,0,0,0,0,0,0,0,0,0,1,0,0,1968,1960
248,S_RES_0249_1968,0,0,0,0,0,0,0,0,0,0,0,0,0,1968,1960
249,S_RES_0250_1968,0,0,0,0,0,0,0,0,0,0,1,0,0,1968,1960
250,S_RES_0251_1968,0,0,0,0,0,0,0,0,0,0,0,0,0,1968,1960
251,S_RES_0252_1968,0,0,0,0,0,0,0,0,0,0,1,0,0,1968,1960
252,S_RES_0253_1968,1,0,1,1,0,0,1,1,0,0,1,1,1,1968,1960
253,S_RES_0254_1968,0,0,0,0,0,0,0,0,0,0,0,0,0,1968,1960
254,S_RES_0255_1968,0,0,0,0,0,0,0,1,0,0,0,1,1,1968,1960
255,S_RES_0256_1968,0,0,0,0,0,0,0,0,0,0,0,0,0,1968,1960
256,S_RES_0257_1968,0,0,0,0,0,0,0,0,0,0,0,0,0,1968,1960
257,S_RES_0258_1968,0,0,0,0,0,0,0,0,0,0,0,0,0,1968,1960
258,S_RES_0259_1968,0,0,0,0,0,0,0,0,0,0,1,0,0,1968,1960
259,S_RES_0260_1968,0,0,0,0,0,0,0,0,0,0,0,0,0,1968,1960
260,S_RES_0261_1968,0,0,0,0,0,0,0,0,0,0,0,0,0,1968,1960
261,S_RES_0262_1968,0,0,0,0,0,0,0,0,0,0,0,0,0,1968,1960
262,S_RES_0263_1969,1,0,0,0,0,0,0,0,0,0,0,0,0,1969,1960
263,S_RES_0264_1969,1,1,0,0,0,0,0,0,0,0,1,0,0,1969,1960
264,S_RES_0265_1969,0,0,0,0,0,0,0,0,0,0,0,0,0,1969,1960
265,S_RES_0266_1969,0,0,0,0,0,0,0,0,0,0,0,0,0,1969,1960
266,S_RES_0267_1969,0,0,0,0,0,0,0,0,0,0,1,0,0,1969,1960
267,S_RES_0268_1969,1,0,0,0,0,0,0,1,1,0,0,1,0,1969,1960
268,S_RES_0269_1969,1,1,1,0,0,0,0,0,0,0,1,0,0,1969,1960
269,S_RES_0270_1969,0,0,0,0,0,0,0,0,0,0,0,0,0,1969,1960
270,S_RES_0271_1969,0,0,0,0,0,0,0,1,0,0,1,1,0,1969,1960
271,S_RES_0272_1969,0,0,0,0,0,0,0,0,0,0,0,0,0,1969,1960
272,S_RES_0273_1969,1,0,0,0,0,0,0,1,0,0,0,1,0,1969,1960
273,S_RES_0274_1969,0,0,0,0,0,0,0,0,0,0,0,0,0,1969,1960
274,S_RES_0275_1969,0,0,0,0,0,0,0,1,0,0,0,1,0,1969,1960
275,S_RES_0276_1970,1,0,0,0,0,0,0,0,0,0,1,0,0,1970,1970
276,S_RES_0277_1970,1,0,1,1,0,0,1,1,1,0,1,1,1,1970,1970
277,S_RES_0278_1970,0,0,0,0,0,0,0,0,0,0,0,0,0,1970,1970
278,S_RES_0279_1970,0,0,0,0,0,0,0,0,1,0,0,0,0,1970,1970
279,S_RES_0280_1970,0,0,0,0,0,0,0,0,0,0,0,0,0,1970,1970
280,S_RES_0281_1970,0,0,0,0,0,0,0,0,0,0,0,0,0,1970,1970
281,S_RES_0282_1970,0,0,0,0,0,0,0,1,0,0,1,1,1,1970,1970
282,S_RES_0283_1970,1,0,0,0,0,0,0,0,0,0,1,0,0,1970,1970
283,S_RES_0284_1970,1,0,0,0,0,0,0,0,0,0,1,0,0,1970,1970
284,S_RES_0285_1970,0,0,0,0,0,0,0,0,1,0,0,0,0,1970,1970
285,S_RES_0286_1970,0,0,0,0,0,0,0,0,0,0,0,0,0,1970,1970
286,S_RES_0287_1970,0,0,0,0,0,0,0,0,0,0,0,0,0,1970,1970
287,S_RES_0288_1970,1,1,1,1,0,0,0,0,0,0,0,0,0,1970,1970
288,S_RES_0289_1970,1,0,0,0,0,0,0,0,1,0,0,0,0,1970,1970
289,S_RES_0290_1970,0,1,1,0,0,0,0,1,1,0,1,1,1,1970,1970
290,S_RES_0291_1970,0,0,0,0,0,0,0,0,0,0,0,0,0,1970,1970
291,S_RES_0292_1971,0,0,0,0,0,0,0,0,0,0,0,0,0,1971,1970
292,S_RES_0293_1971,0,0,0,0,0,0,0,0,0,0,0,0,0,1971,1970
293,S_RES_0294_1971,0,0,0,0,0,0,0,1,1,0,1,1,1,1971,1970
294,S_RES_0295_1971,1,0,0,0,0,0,0,0,0,0,0,0,0,1971,1970
295,S_RES_0296_1971,0,0,0,0,0,0,0,0,0,0,0,0,0,1971,1970
296,S_RES_0297_1971,0,0,0,0,0,0,0,0,0,0,0,0,0,1971,1970
297,S_RES_0298_1971,0,0,0,0,0,0,0,0,0,0,1,0,0,1971,1970
298,S_RES_0299_1971,0,0,0,0,0,0,0,0,0,0,0,0,0,1971,1970
299,S_RES_0300_1971,0,0,0,0,0,0,0,0,0,0,0,0,0,1971,1970
300,S_RES_0301_1971,0,0,0,0,0,0,0,0,0,0,1,0,0,1971,1970
301,S_RES_0302_1971,1,0,0,0,0,0,0,1,0,0,1,0,1,1971,1970
302,S_RES_0303_1971,1,0,0,0,0,0,0,1,0,0,0,1,0,1971,1970
303,S_RES_0304_1971,0,0,0,0,0,0,0,0,0,0,0,0,0,1971,1970
304,S_RES_0305_1971,0,0,0,0,0,0,0,0,0,0,0,0,0,1971,1970
305,S_RES_0306_1971,0,0,0,0,0,0,0,0,0,0,0,0,0,1971,1970
306,S_RES_0307_1971,0,1,0,0,0,0,0,1,1,1,1,1,1,1971,1970
307,S_RES_0308_1972,1,0,0,0,0,0,0,0,0,0,1,0,0,1972,1970
308,S_RES_0309_1972,0,0,0,0,0,0,0,0,0,0,1,0,0,1972,1970
309,S_RES_0310_1972,1,0,0,0,0,0,0,0,0,0,1,0,0,1972,1970
310,S_RES_0311_1972,1,0,0,0,0,0,0,1,0,0,0,1,0,1972,1970
311,S_RES_0312_1972,0,0,0,0,0,0,0,1,0,0,1,1,0,1972,1970
312,S_RES_0313_1972,0,0,0,0,0,0,0,0,1,0,0,0,0,1972,1970
313,S_RES_0314_1972,0,0,1,1,0,0,0,0,0,0,1,0,0,1972,1970
314,S_RES_0315_1972,0,0,0,0,0,0,0,0,0,0,0,0,0,1972,1970
315,S_RES_0316_1972,0,0,0,0,0,0,0,0,0,0,0,0,0,1972,1970
316,S_RES_0317_1972,0,0,0,0,0,0,0,0,0,0,1,0,0,1972,1970
317,S_RES_0318_1972,0,0,1,0,0,0,0,0,1,0,1,0,0,1972,1970
318,S_RES_0319_1972,0,0,0,0,0,0,0,0,0,0,1,0,0,1972,1970
319,S_RES_0320_1972,0,0,1,0,0,0,0,0,0,0,1,0,0,1972,1970
320,S_RES_0321_1972,1,0,0,0,0,0,0,1,1,0,0,1,1,1972,1970
321,S_RES_0322_1972,0,1,0,0,0,0,0,0,0,0,1,0,0,1972,1970
322,S_RES_0323_1972,1,0,0,0,0,0,0,0,0,0,1,0,0,1972,1970
323,S_RES_0324_1972,0,0,0,0,0,0,0,0,0,0,0,0,0,1972,1970
324,S_RES_0325_1973,1,0,0,0,0,0,0,1,0,0,1,1,0,1973,1970
325,S_RES_0326_1973,1,1,0,0,0,0,0,1,1,0,1,1,1,1973,1970
326,S_RES_0327_1973,1,0,0,0,0,0,0,1,0,0,1,1,1,1973,1970
327,S_RES_0328_1973,1,0,0,0,0,0,0,1,1,0,1,1,1,1973,1970
328,S_RES_0329_1973,0,0,0,0,0,0,0,0,0,0,1,0,0,1973,1970
329,S_RES_0330_1973,0,0,0,0,0,0,0,0,0,0,1,0,0,1973,1970
330,S_RES_0331_1973,1,0,0,0,0,0,0,0,0,0,1,0,0,1973,1970
331,S_RES_0332_1973,0,0,0,0,0,0,0,0,0,0,0,0,0,1973,1970
332,S_RES_0333_1973,0,0,1,0,0,0,0,0,0,0,1,0,0,1973,1970
333,S_RES_0334_1973,0,0,0,0,0,0,0,0,0,0,0,0,0,1973,1970
334,S_RES_0335_1973,0,0,0,0,0,0,0,0,0,0,0,0,0,1973,1970
335,S_RES_0336_1973,0,0,0,0,0,0,0,0,0,0,0,0,0,1973,1970
336,S_RES_0337_1973,0,0,0,0,0,0,0,0,0,0,0,0,0,1973,1970
337,S_RES_0338_1973,1,0,0,0,0,0,0,0,0,0,0,0,0,1973,1970
338,S_RES_0339_1973,0,0,0,0,0,0,0,0,0,0,1,0,0,1973,1970
339,S_RES_0340_1973,1,0,0,0,0,0,0,0,1,0,1,0,0,1973,1970
340,S_RES_0341_1973,1,0,0,0,0,0,0,0,0,0,0,0,0,1973,1970
341,S_RES_0342_1973,1,0,0,0,0,0,0,0,0,0,1,0,0,1973,1970
342,S_RES_0343_1973,0,0,0,0,0,0,0,0,0,0,0,0,0,1973,1970
343,S_RES_0344_1973,0,0,0,0,0,0,0,0,0,0,1,0,0,1973,1970
344,S_RES_0345_1974,1,0,0,0,0,0,0,0,0,0,0,0,0,1974,1970
345,S_RES_0346_1974,1,0,0,0,0,0,0,0,0,0,1,0,0,1974,1970
346,S_RES_0347_1974,0,0,0,0,0,0,0,0,0,0,0,0,0,1974,1970
347,S_RES_0348_1974,0,0,0,0,0,0,0,0,0,0,0,0,0,1974,1970
348,S_RES_0349_1974,0,0,0,0,0,0,0,0,0,0,0,0,0,1974,1970
349,S_RES_0350_1974,1,0,0,0,0,0,0,0,0,0,1,0,0,1974,1970
350,S_RES_0351_1974,0,0,0,0,0,0,0,0,0,0,0,0,0,1974,1970
351,S_RES_0352_1974,0,0,0,0,0,0,0,0,0,0,0,0,0,1974,1970
352,S_RES_0353_1974,1,0,0,0,0,0,0,1,1,0,1,1,1,1974,1970
353,S_RES_0354_1974,0,0,0,0,0,0,0,0,1,0,0,0,0,1974,1970
354,S_RES_0355_1974,0,0,0,0,0,0,0,0,0,0,1,0,0,1974,1970
355,S_RES_0356_1974,0,0,0,0,0,0,0,0,0,0,0,0,0,1974,1970
356,S_RES_0357_1974,1,0,0,0,0,0,0,0,1,0,0,0,0,1974,1970
357,S_RES_0358_1974,0,0,0,0,0,0,0,0,0,0,0,0,0,1974,1970
358,S_RES_0359_1974,0,0,0,0,0,0,0,0,1,0,0,0,0,1974,1970
359,S_RES_0360_1974,1,0,0,0,0,0,0,1,0,0,1,0,1,1974,1970
360,S_RES_0361_1974,1,0,0,0,0,0,0,0,0,0,1,0,0,1974,1970
361,S_RES_0362_1974,1,0,0,0,0,0,0,0,0,0,1,0,0,1974,1970
362,S_RES_0363_1974,1,0,0,0,0,0,0,0,0,0,0,0,0,1974,1970
363,S_RES_0364_1974,0,0,0,0,0,0,0,0,0,0,0,0,0,1974,1970
364,S_RES_0365_1974,0,0,0,0,0,0,0,0,0,0,1,0,0,1974,1970
365,S_RES_0366_1974,0,1,0,0,0,0,0,0,1,0,0,0,0,1974,1970
366,S_RES_0367_1975,0,1,0,0,0,0,0,0,0,0,1,0,0,1975,1970
367,S_RES_0368_1975,1,0,0,0,0,0,0,0,0,0,0,0,0,1975,1970
368,S_RES_0369_1975,1,0,0,0,0,0,0,0,0,0,0,0,0,1975,1970
369,S_RES_0370_1975,0,0,0,0,0,0,0,0,0,0,1,0,0,1975,1970
370,S_RES_0371_1975,1,0,0,0,0,0,0,0,0,0,1,0,0,1975,1970
371,S_RES_0372_1975,0,0,0,0,0,0,0,0,0,0,0,0,0,1975,1970
372,S_RES_0373_1975,0,0,0,0,0,0,0,0,0,0,0,0,0,1975,1970
373,S_RES_0374_1975,0,0,0,0,0,0,0,0,0,0,0,0,0,1975,1970
374,S_RES_0375_1975,0,0,0,0,0,0,0,0,0,0,0,0,0,1975,1970
375,S_RES_0376_1975,0,0,0,0,0,0,0,0,0,0,0,0,0,1975,1970
376,S_RES_0377_1975,0,0,0,0,0,0,0,0,0,0,0,0,0,1975,1970
377,S_RES_0378_1975,1,0,0,0,0,0,0,0,0,0,0,0,0,1975,1970
378,S_RES_0379_1975,0,0,0,0,0,0,0,0,0,0,1,0,0,1975,1970
379,S_RES_0380_1975,0,0,0,0,0,0,0,0,0,0,0,0,0,1975,1970
380,S_RES_0381_1975,1,0,0,0,0,0,0,0,0,0,0,0,0,1975,1970
381,S_RES_0382_1975,0,0,0,0,0,0,0,0,0,0,0,0,0,1975,1970
382,S_RES_0383_1975,0,0,0,0,0,0,0,0,0,0,1,0,0,1975,1970
383,S_RES_0384_1975,1,0,0,0,0,0,0,0,0,0,1,0,0,1975,1970
384,S_RES_0385_1976,0,1,0,0,0,0,0,0,1,0,0,0,0,1976,1970
385,S_RES_0386_1976,0,0,0,0,0,0,0,1,0,0,1,0,1,1976,1970
386,S_RES_0387_1976,0,0,0,0,0,0,0,1,1,0,1,0,1,1976,1970
387,S_RES_0388_1976,1,0,0,1,0,0,0,1,0,0,0,1,1,1976,1970
388,S_RES_0389_1976,1,0,0,0,0,0,0,0,0,0,1,0,0,1976,1970
389,S_RES_0390_1976,1,0,0,0,0,0,0,0,0,0,0,0,0,1976,1970
390,S_RES_0391_1976,0,0,0,0,0,0,0,0,0,0,1,0,0,1976,1970
391,S_RES_0392_1976,0,1,0,0,0,0,0,1,0,0,0,1,0,1976,1970
392,S_RES_0393_1976,0,0,0,0,0,0,0,1,1,0,0,1,1,1976,1970
393,S_RES_0394_1976,0,0,0,0,0,0,0,0,0,0,0,0,0,1976,1970
394,S_RES_0395_1976,0,0,0,0,0,0,0,0,0,0,0,0,0,1976,1970
395,S_RES_0396_1976,1,0,0,0,0,0,0,0,0,0,0,0,0,1976,1970
396,S_RES_0397_1976,0,0,0,0,0,0,0,0,0,0,0,0,0,1976,1970
397,S_RES_0398_1976,1,0,0,0,0,0,0,0,0,0,0,0,0,1976,1970
398,S_RES_0399_1976,0,0,0,0,0,0,0,0,0,0,0,0,0,1976,1970
399,S_RES_0400_1976,0,0,0,0,0,0,0,0,0,0,0,0,0,1976,1970
400,S_RES_0401_1976,0,0,0,0,0,0,0,0,0,0,1,0,0,1976,1970
401,S_RES_0402_1976,1,0,0,0,0,0,0,0,0,0,1,0,0,1976,1970
402,S_RES_0403_1977,0,1,0,0,0,0,0,1,1,0,1,1,1,1977,1970
403,S_RES_0404_1977,1,0,0,0,0,0,0,0,0,0,1,0,0,1977,1970
404,S_RES_0405_1977,1,0,0,0,0,0,0,1,0,0,1,0,1,1977,1970
405,S_RES_0406_1977,0,1,0,0,0,0,0,1,0,0,1,1,1,1977,1970
406,S_RES_0407_1977,1,0,0,0,0,0,0,0,0,0,1,0,0,1977,1970
407,S_RES_0408_1977,1,0,0,0,0,0,0,0,0,0,0,0,0,1977,1970
408,S_RES_0409_1977,1,0,0,1,0,0,1,1,0,0,0,1,1,1977,1970
409,S_RES_0410_1977,0,0,0,0,0,0,0,0,0,0,1,0,0,1977,1970
410,S_RES_0411_1977,0,1,0,0,0,0,1,1,1,0,1,1,1,1977,1970
411,S_RES_0412_1977,0,0,0,0,0,0,0,0,0,0,0,0,0,1977,1970
412,S_RES_0413_1977,0,0,0,0,0,0,0,0,0,0,0,0,0,1977,1970
413,S_RES_0414_1977,0,0,0,0,0,0,0,0,0,0,1,0,0,1977,1970
414,S_RES_0415_1977,0,0,0,0,0,0,0,0,0,0,1,0,0,1977,1970
415,S_RES_0416_1977,1,0,0,0,0,0,0,0,0,0,0,0,0,1977,1970
416,S_RES_0417_1977,0,0,0,0,0,0,0,1,1,0,1,1,0,1977,1970
417,S_RES_0418_1977,1,0,0,1,0,0,0,1,0,0,1,1,1,1977,1970
418,S_RES_0419_1977,0,1,0,0,0,0,0,1,0,0,1,0,1,1977,1970
419,S_RES_0420_1977,1,0,0,0,0,0,0,0,0,0,0,0,0,1977,1970
420,S_RES_0421_1977,1,0,0,0,0,0,0,1,0,0,1,1,0,1977,1970
421,S_RES_0422_1977,0,0,0,0,0,0,0,0,0,0,1,0,0,1977,1970
422,S_RES_0423_1978,0,0,0,0,0,0,0,1,0,0,1,1,1,1978,1970
423,S_RES_0424_1978,1,0,0,1,0,0,0,1,0,0,0,1,1,1978,1970
424,S_RES_0425_1978,1,0,0,0,0,0,0,1,0,0,1,1,0,1978,1970
425,S_RES_0426_1978,1,0,0,0,0,0,0,0,0,0,0,0,0,1978,1970
426,S_RES_0427_1978,0,0,0,0,0,0,0,0,1,0,0,0,0,1978,1970
427,S_RES_0428_1978,1,0,0,1,0,0,0,1,1,0,0,1,1,1978,1970
428,S_RES_0429_1978,1,0,0,0,0,0,0,0,0,0,0,0,0,1978,1970
429,S_RES_0430_1978,0,0,0,0,0,0,0,0,0,0,1,0,0,1978,1970
430,S_RES_0431_1978,0,0,0,0,0,0,0,0,0,0,1,0,0,1978,1970
431,S_RES_0432_1978,1,1,0,0,0,0,0,0,0,0,0,0,0,1978,1970
432,S_RES_0433_1978,0,0,0,0,0,0,0,0,0,0,0,0,0,1978,1970
433,S_RES_0434_1978,1,0,0,0,0,0,0,0,0,0,1,0,0,1978,1970
434,S_RES_0435_1978,1,0,0,0,0,0,0,0,0,0,1,0,0,1978,1970
435,S_RES_0436_1978,0,0,0,0,0,0,0,0,0,0,1,0,0,1978,1970
436,S_RES_0437_1978,0,0,1,0,0,0,0,0,0,0,0,0,0,1978,1970
437,S_RES_0438_1978,1,0,0,0,0,0,0,0,0,0,1,0,0,1978,1970
438,S_RES_0439_1978,0,0,0,1,0,0,0,0,1,0,0,0,0,1978,1970
439,S_RES_0440_1978,0,1,0,0,0,0,0,0,0,0,1,0,0,1978,1970
440,S_RES_0441_1978,1,0,0,0,0,0,0,0,0,0,0,0,0,1978,1970
441,S_RES_0442_1978,0,0,0,0,0,0,0,0,0,0,0,0,0,1978,1970
442,S_RES_0443_1978,0,0,0,0,0,0,0,0,0,0,1,0,0,1978,1970
443,S_RES_0444_1979,1,0,0,0,0,0,0,0,0,0,0,0,0,1979,1970
444,S_RES_0445_1979,1,0,0,0,0,0,0,1,0,0,1,1,1,1979,1970
445,S_RES_0446_1979,1,0,0,0,0,0,0,0,0,0,1,0,0,1979,1970
446,S_RES_0447_1979,0,0,0,1,0,0,0,1,1,0,1,1,1,1979,1970
447,S_RES_0448_1979,0,0,0,0,0,0,0,0,0,0,0,0,0,1979,1970
448,S_RES_0449_1979,1,0,0,0,0,0,0,0,0,0,0,0,0,1979,1970
449,S_RES_0450_1979,1,0,0,0,0,0,0,0,0,0,0,0,0,1979,1970
450,S_RES_0451_1979,0,0,0,0,0,0,0,0,0,0,1,0,0,1979,1970
451,S_RES_0452_1979,0,0,0,0,0,0,0,0,0,0,1,0,0,1979,1970
452,S_RES_0453_1979,0,0,0,0,0,0,0,0,0,0,0,0,0,1979,1970
453,S_RES_0454_1979,0,1,0,0,0,0,0,1,1,0,1,0,1,1979,1970
454,S_RES_0455_1979,1,1,0,0,0,0,0,1,0,0,0,1,1,1979,1970
455,S_RES_0456_1979,1,0,0,0,0,0,0,0,0,0,0,0,0,1979,1970
456,S_RES_0457_1979,1,0,0,0,0,0,0,1,0,0,1,1,0,1979,1970
457,S_RES_0458_1979,0,0,0,0,0,0,0,0,0,0,1,0,0,1979,1970
458,S_RES_0459_1979,1,0,0,0,0,0,0,0,0,0,0,0,0,1979,1970
459,S_RES_0460_1979,1,0,1,1,0,0,0,1,0,0,1,1,0,1979,1970
460,S_RES_0461_1979,1,0,0,0,1,0,1,1,0,0,1,1,1,1979,1970
461,S_RES_0462_1980,1,0,0,0,0,0,0,1,0,0,0,1,0,1980,1980
462,S_RES_0463_1980,1,0,0,0,0,0,0,1,0,0,0,1,0,1980,1980
463,S_RES_0464_1980,0,0,0,0,0,0,0,0,0,0,0,0,0,1980,1980
464,S_RES_0465_1980,1,0,0,0,0,0,0,0,0,0,1,0,0,1980,1980
465,S_RES_0466_1980,0,1,0,1,0,0,0,1,1,0,0,1,1,1980,1980
466,S_RES_0467_1980,0,0,0,0,0,0,0,0,0,0,1,0,0,1980,1980
467,S_RES_0468_1980,0,0,0,0,0,0,0,0,0,0,1,0,0,1980,1980
468,S_RES_0469_1980,0,0,0,0,0,0,0,0,0,0,1,0,0,1980,1980
469,S_RES_0470_1980,1,0,0,0,0,0,0,0,0,0,0,0,0,1980,1980
470,S_RES_0471_1980,0,0,0,0,0,0,0,0,0,0,1,0,0,1980,1980
471,S_RES_0472_1980,0,0,0,0,0,0,0,0,0,0,1,0,0,1980,1980
472,S_RES_0473_1980,1,0,0,0,0,0,0,1,1,0,1,1,0,1980,1980
473,S_RES_0474_1980,1,0,0,0,0,0,0,0,0,0,0,0,0,1980,1980
474,S_RES_0475_1980,1,1,0,1,0,0,0,1,1,0,1,1,1,1980,1980
475,S_RES_0476_1980,0,0,0,0,0,0,0,0,0,0,0,0,0,1980,1980
476,S_RES_0477_1980,0,0,0,0,0,0,0,0,0,0,0,0,0,1980,1980
477,S_RES_0478_1980,1,0,0,0,0,0,0,0,0,0,1,0,0,1980,1980
478,S_RES_0479_1980,0,0,0,0,0,0,0,1,0,0,1,1,0,1980,1980
479,S_RES_0480_1980,1,0,0,0,0,0,0,0,0,0,0,0,0,1980,1980
480,S_RES_0481_1980,1,0,0,0,0,0,0,0,0,0,0,0,0,1980,1980
481,S_RES_0482_1980,0,0,0,0,0,0,0,0,0,0,1,0,0,1980,1980
482,S_RES_0483_1980,1,0,0,0,0,0,0,0,0,0,1,0,0,1980,1980
483,S_RES_0484_1980,0,0,0,0,0,0,0,0,0,0,1,0,0,1980,1980
484,S_RES_0485_1981,1,0,0,0,0,0,0,0,0,0,0,0,0,1981,1980
485,S_RES_0486_1981,0,0,0,0,0,0,0,0,0,0,1,0,0,1981,1980
486,S_RES_0487_1981,0,0,0,0,0,0,0,1,0,0,1,1,0,1981,1980
487,S_RES_0488_1981,1,0,0,0,0,0,0,0,0,0,1,0,0,1981,1980
488,S_RES_0489_1981,0,0,0,0,0,0,0,0,0,0,0,0,0,1981,1980
489,S_RES_0490_1981,0,0,0,0,0,0,0,0,0,0,1,0,0,1981,1980
490,S_RES_0491_1981,0,0,0,0,0,0,0,0,0,0,0,0,0,1981,1980
491,S_RES_0492_1981,0,0,0,0,0,0,0,0,0,0,0,0,0,1981,1980
492,S_RES_0493_1981,1,0,0,0,0,0,0,0,0,0,0,0,0,1981,1980
493,S_RES_0494_1981,0,0,0,0,0,0,0,0,0,0,0,0,0,1981,1980
494,S_RES_0495_1981,0,0,0,0,0,0,0,0,0,0,1,0,0,1981,1980
495,S_RES_0496_1981,1,0,0,0,0,0,0,1,0,0,1,0,1,1981,1980
496,S_RES_0497_1981,1,0,0,0,0,0,0,0,1,0,1,0,0,1981,1980
497,S_RES_0498_1981,1,0,0,0,0,0,0,1,0,0,1,1,0,1981,1980
498,S_RES_0499_1981,1,0,0,0,0,0,0,0,0,0,0,0,0,1981,1980
499,S_RES_0500_1982,1,0,0,0,0,0,0,1,0,0,0,1,0,1982,1980
500,S_RES_0501_1982,1,0,0,0,0,0,0,1,0,0,1,1,0,1982,1980
501,S_RES_0502_1982,0,0,0,0,0,0,0,1,1,0,0,0,1,1982,1980
502,S_RES_0503_1982,0,0,0,0,0,0,0,0,0,0,0,0,0,1982,1980
503,S_RES_0504_1982,0,0,0,0,0,0,0,0,0,0,1,0,0,1982,1980
504,S_RES_0505_1982,0,0,0,0,0,0,0,0,0,0,1,0,0,1982,1980
505,S_RES_0506_1982,1,0,0,0,0,0,0,0,0,0,0,0,0,1982,1980
506,S_RES_0507_1982,1,0,0,0,0,0,0,1,0,0,1,0,1,1982,1980
507,S_RES_0508_1982,0,0,0,0,0,0,0,0,0,0,1,0,0,1982,1980
508,S_RES_0509_1982,1,0,0,0,0,0,0,0,1,0,0,0,0,1982,1980
509,S_RES_0510_1982,0,0,0,0,0,0,0,0,0,0,1,0,0,1982,1980
510,S_RES_0511_1982,1,0,0,0,0,0,0,0,0,1,1,0,0,1982,1980
511,S_RES_0512_1982,0,0,0,0,0,0,0,0,0,0,1,0,0,1982,1980
512,S_RES_0513_1982,0,0,0,0,0,0,0,0,0,0,1,0,0,1982,1980
513,S_RES_0514_1982,1,0,0,0,0,0,0,1,0,0,1,1,0,1982,1980
514,S_RES_0515_1982,0,0,0,0,0,0,0,0,1,0,1,0,0,1982,1980
515,S_RES_0516_1982,0,0,0,0,0,0,0,0,1,1,1,0,0,1982,1980
516,S_RES_0517_1982,1,0,0,0,0,0,0,0,0,1,1,0,0,1982,1980
517,S_RES_0518_1982,1,0,0,0,0,0,0,0,1,0,1,0,0,1982,1980
518,S_RES_0519_1982,1,0,0,0,0,0,0,0,0,1,0,0,0,1982,1980
519,S_RES_0520_1982,1,0,0,0,0,0,0,0,1,0,1,0,0,1982,1980
520,S_RES_0521_1982,0,0,1,0,0,0,0,0,0,1,1,0,0,1982,1980
521,S_RES_0522_1982,0,0,0,0,0,0,0,0,0,0,1,0,0,1982,1980
522,S_RES_0523_1982,1,0,0,0,0,0,0,0,0,1,1,0,0,1982,1980
523,S_RES_0524_1982,1,0,0,0,0,0,0,0,0,0,0,0,0,1982,1980
524,S_RES_0525_1982,0,0,0,0,0,0,0,0,0,0,0,0,0,1982,1980
525,S_RES_0526_1982,0,0,0,0,0,0,0,0,0,0,1,0,0,1982,1980
526,S_RES_0527_1982,0,1,0,0,0,0,0,1,1,0,1,0,1,1982,1980
527,S_RES_0528_1982,1,0,0,0,0,0,0,0,0,0,0,0,0,1982,1980
528,S_RES_0529_1983,1,0,0,0,0,0,0,0,0,0,1,0,0,1983,1980
529,S_RES_0530_1983,0,0,0,0,0,0,0,1,0,0,1,0,1,1983,1980
530,S_RES_0531_1983,1,0,0,0,0,0,0,0,0,0,0,0,0,1983,1980
531,S_RES_0532_1983,1,1,0,0,0,0,0,0,0,0,1,0,0,1983,1980
532,S_RES_0533_1983,0,0,0,0,0,0,0,0,0,0,0,0,0,1983,1980
533,S_RES_0534_1983,0,0,0,0,0,0,0,0,0,0,1,0,0,1983,1980
534,S_RES_0535_1983,1,0,0,0,0,0,0,1,0,0,1,0,1,1983,1980
535,S_RES_0536_1983,1,0,0,0,0,0,0,0,0,0,1,0,0,1983,1980
536,S_RES_0537_1983,0,0,0,0,0,0,0,0,0,0,0,0,0,1983,1980
537,S_RES_0538_1983,1,0,0,0,0,0,0,0,0,0,1,0,0,1983,1980
538,S_RES_0539_1983,0,1,0,0,0,0,0,1,0,0,1,1,0,1983,1980
539,S_RES_0540_1983,0,0,0,0,0,0,0,0,0,0,1,0,0,1983,1980
540,S_RES_0541_1983,0,0,0,0,0,0,0,0,0,0,1,0,0,1983,1980
541,S_RES_0542_1983,1,0,0,0,0,0,0,0,0,0,1,0,0,1983,1980
542,S_RES_0543_1983,1,0,0,0,0,0,0,0,0,0,0,0,0,1983,1980
543,S_RES_0544_1983,0,0,0,0,0,0,0,0,0,0,1,0,0,1983,1980
544,S_RES_0545_1983,0,1,0,0,0,0,0,1,1,0,1,1,0,1983,1980
545,S_RES_0546_1984,1,1,0,0,0,0,0,1,1,0,1,1,1,1984,1980
546,S_RES_0547_1984,0,0,0,0,0,0,0,0,0,0,0,0,0,1984,1980
547,S_RES_0548_1984,0,0,0,0,0,0,0,0,0,0,0,0,0,1984,1980
548,S_RES_0549_1984,1,0,0,0,0,0,0,0,0,0,1,0,0,1984,1980
549,S_RES_0550_1984,1,0,0,0,0,0,0,0,0,0,1,0,0,1984,1980
550,S_RES_0551_1984,1,0,0,0,0,0,0,0,0,0,0,0,0,1984,1980
551,S_RES_0552_1984,1,1,0,0,0,0,0,1,1,0,1,1,0,1984,1980
552,S_RES_0553_1984,0,0,0,0,0,0,0,0,0,0,1,0,0,1984,1980
553,S_RES_0554_1984,0,1,0,0,0,0,0,1,0,0,1,0,1,1984,1980
554,S_RES_0555_1984,1,0,0,0,0,0,0,0,0,0,1,0,0,1984,1980
555,S_RES_0556_1984,0,1,0,0,0,0,0,0,1,0,1,0,0,1984,1980
556,S_RES_0557_1984,1,0,0,0,0,0,0,0,0,0,0,0,0,1984,1980
557,S_RES_0558_1984,0,0,0,0,0,0,0,0,0,0,1,0,0,1984,1980
558,S_RES_0559_1984,0,0,0,0,0,0,0,0,0,0,1,0,0,1984,1980
559,S_RES_0560_1985,0,1,0,0,0,0,0,0,0,0,1,0,0,1985,1980
560,S_RES_0561_1985,1,0,0,0,0,0,0,0,0,0,1,0,0,1985,1980
561,S_RES_0562_1985,1,0,0,0,0,0,0,0,0,0,1,0,0,1985,1980
562,S_RES_0563_1985,1,0,0,0,0,0,0,0,0,0,0,0,0,1985,1980
563,S_RES_0564_1985,0,0,0,0,0,0,0,0,0,0,1,0,0,1985,1980
564,S_RES_0565_1985,0,0,0,0,0,0,0,0,0,0,0,0,0,1985,1980
565,S_RES_0566_1985,1,1,0,1,0,0,0,1,1,0,1,1,0,1985,1980
566,S_RES_0567_1985,0,1,0,0,0,0,0,1,1,0,1,1,1,1985,1980
567,S_RES_0568_1985,0,1,0,0,0,0,0,1,1,0,1,0,1,1985,1980
568,S_RES_0569_1985,0,1,0,0,0,0,0,0,1,0,1,0,0,1985,1980
569,S_RES_0570_1985,1,0,0,0,0,0,0,0,0,0,0,0,0,1985,1980
570,S_RES_0571_1985,1,1,0,0,0,0,0,1,1,0,1,1,1,1985,1980
571,S_RES_0572_1985,1,0,0,0,0,0,0,1,1,0,1,0,1,1985,1980
572,S_RES_0573_1985,0,1,0,0,0,0,0,1,1,0,1,0,1,1985,1980
573,S_RES_0574_1985,1,1,0,0,0,0,0,1,1,0,1,1,1,1985,1980
574,S_RES_0575_1985,1,0,0,0,0,0,0,0,0,0,1,0,0,1985,1980
575,S_RES_0576_1985,1,0,0,0,0,0,0,0,0,0,0,0,0,1985,1980
576,S_RES_0577_1985,0,1,0,0,0,0,0,1,1,0,1,1,1,1985,1980
577,S_RES_0578_1985,0,0,0,0,0,0,0,0,0,0,1,0,0,1985,1980
578,S_RES_0579_1985,0,0,0,0,0,0,0,0,0,0,0,0,0,1985,1980
579,S_RES_0580_1985,0,1,0,0,0,0,0,1,1,0,1,0,1,1985,1980
580,S_RES_0581_1986,1,0,0,0,0,0,0,1,1,0,1,1,1,1986,1980
581,S_RES_0582_1986,0,1,0,0,0,0,0,1,0,0,1,1,0,1986,1980
582,S_RES_0583_1986,1,0,0,0,0,0,0,0,0,0,1,0,0,1986,1980
583,S_RES_0584_1986,1,0,0,0,0,0,0,0,0,0,0,0,0,1986,1980
584,S_RES_0585_1986,0,0,0,0,0,0,0,0,0,0,1,0,0,1986,1980
585,S_RES_0586_1986,1,0,0,0,0,0,0,0,0,0,1,0,0,1986,1980
586,S_RES_0587_1986,0,0,0,0,0,0,0,0,0,0,1,0,0,1986,1980
587,S_RES_0588_1986,1,0,0,0,0,0,0,1,0,0,1,1,0,1986,1980
588,S_RES_0589_1986,0,0,0,0,0,0,0,0,0,0,0,0,0,1986,1980
589,S_RES_0590_1986,1,0,0,0,0,0,0,0,0,0,0,0,0,1986,1980
590,S_RES_0591_1986,0,1,0,0,0,0,0,1,0,0,1,1,0,1986,1980
591,S_RES_0592_1986,0,0,0,0,0,0,0,0,0,0,1,0,0,1986,1980
592,S_RES_0593_1986,0,0,0,0,0,0,0,0,0,0,1,0,0,1986,1980
593,S_RES_0594_1987,1,0,0,0,0,0,0,0,0,0,1,0,0,1987,1980
594,S_RES_0595_1987,1,0,0,0,0,0,0,0,0,0,0,0,0,1987,1980
595,S_RES_0596_1987,1,0,0,0,0,0,0,0,0,0,0,0,0,1987,1980
596,S_RES_0597_1987,0,0,0,0,0,0,0,0,0,0,1,0,0,1987,1980
597,S_RES_0598_1987,1,0,0,0,1,1,0,1,1,0,1,1,1,1987,1980
598,S_RES_0599_1987,1,0,0,0,0,0,0,0,0,0,1,0,0,1987,1980
599,S_RES_0600_1987,0,0,0,0,0,0,0,0,0,0,0,0,0,1987,1980
600,S_RES_0601_1987,1,1,0,0,0,0,0,0,0,0,1,0,0,1987,1980
601,S_RES_0602_1987,1,1,0,0,0,0,0,1,1,0,0,1,1,1987,1980
602,S_RES_0603_1987,1,0,0,0,0,0,0,0,0,0,0,0,0,1987,1980
603,S_RES_0604_1987,0,0,0,0,0,0,0,0,0,0,1,0,0,1987,1980
604,S_RES_0605_1987,1,0,0,0,0,0,0,0,0,0,1,0,0,1987,1980
605,S_RES_0606_1987,1,0,0,0,0,0,0,0,0,0,1,0,0,1987,1980
606,S_RES_0607_1988,1,0,0,0,0,0,0,0,0,0,0,0,0,1988,1980
607,S_RES_0608_1988,1,0,0,0,0,0,0,0,0,0,1,0,0,1988,1980
608,S_RES_0609_1988,1,0,0,0,0,0,0,0,0,0,1,0,0,1988,1980
609,S_RES_0610_1988,0,0,0,0,0,0,0,0,0,0,0,0,0,1988,1980
610,S_RES_0611_1988,0,1,0,0,0,0,0,1,0,0,1,0,1,1988,1980
611,S_RES_0612_1988,0,1,0,0,0,0,0,0,0,0,0,0,0,1988,1980
612,S_RES_0613_1988,1,0,0,0,0,0,0,0,0,0,0,0,0,1988,1980
613,S_RES_0614_1988,0,0,0,0,0,0,0,0,0,0,1,0,0,1988,1980
614,S_RES_0615_1988,0,0,0,0,0,0,0,0,0,0,0,0,0,1988,1980
615,S_RES_0616_1988,0,0,0,0,0,0,0,0,0,0,0,0,0,1988,1980
616,S_RES_0617_1988,1,0,0,0,0,0,0,0,0,0,1,0,0,1988,1980
617,S_RES_0618_1988,0,0,0,0,0,0,0,0,1,0,0,0,0,1988,1980
618,S_RES_0619_1988,1,0,0,0,0,0,0,0,0,0,1,0,0,1988,1980
619,S_RES_0620_1988,1,0,0,0,0,0,0,0,0,0,0,0,0,1988,1980
620,S_RES_0621_1988,1,0,0,0,0,0,0,0,0,0,1,0,0,1988,1980
621,S_RES_0622_1988,0,0,0,0,0,0,0,0,0,0,1,0,0,1988,1980
622,S_RES_0623_1988,0,0,0,0,0,0,0,0,0,0,0,0,0,1988,1980
623,S_RES_0624_1988,1,0,0,0,0,0,0,0,0,0,0,0,0,1988,1980
624,S_RES_0625_1988,0,0,0,0,0,0,0,0,0,0,1,0,0,1988,1980
625,S_RES_0626_1988,1,0,0,0,0,0,0,0,0,0,1,0,0,1988,1980
626,S_RES_0627_1989,1,0,0,0,0,0,0,0,0,0,0,0,0,1989,1980
627,S_RES_0628_1989,1,0,0,0,0,0,0,1,0,0,1,1,0,1989,1980
628,S_RES_0629_1989,1,0,0,0,0,0,0,0,0,0,1,0,0,1989,1980
629,S_RES_0630_1989,1,0,0,0,0,0,0,0,0,0,1,0,0,1989,1980
630,S_RES_0631_1989,1,0,0,0,0,0,0,0,0,0,0,0,0,1989,1980
631,S_RES_0632_1989,1,0,0,0,0,0,0,0,0,0,1,0,0,1989,1980
632,S_RES_0633_1989,1,0,0,0,0,0,0,0,0,0,0,0,0,1989,1980
633,S_RES_0634_1989,0,0,0,0,0,0,0,0,0,0,1,0,0,1989,1980
634,S_RES_0635_1989,0,0,0,0,0,0,0,0,0,0,0,0,0,1989,1980
635,S_RES_0636_1989,1,0,0,0,0,0,0,0,0,0,0,0,0,1989,1980
636,S_RES_0637_1989,0,0,0,0,0,0,0,0,0,0,1,0,0,1989,1980
637,S_RES_0638_1989,0,0,0,0,0,0,0,0,1,0,0,0,0,1989,1980
638,S_RES_0639_1989,1,0,0,0,0,0,0,0,0,0,1,0,0,1989,1980
639,S_RES_0640_1989,0,1,0,0,0,0,0,0,1,0,1,0,0,1989,1980
640,S_RES_0641_1989,1,0,0,0,0,0,0,0,0,0,0,0,0,1989,1980
641,S_RES_0642_1989,1,0,0,0,0,0,0,0,0,0,0,0,0,1989,1980
642,S_RES_0643_1989,1,1,0,0,0,0,0,0,1,0,1,0,0,1989,1980
643,S_RES_0644_1989,1,0,0,0,0,0,0,0,1,0,1,0,0,1989,1980
644,S_RES_0645_1989,1,0,0,0,0,0,0,0,0,0,0,0,0,1989,1980
645,S_RES_0646_1989,0,0,0,0,0,0,0,0,0,0,1,0,0,1989,1980
646,S_RES_0647_1990,0,0,0,0,0,0,0,0,0,0,1,0,0,1990,1990
647,S_RES_0648_1990,1,0,0,0,0,0,0,0,0,0,1,0,0,1990,1990
648,S_RES_0649_1990,0,1,0,0,0,0,0,0,0,0,1,0,0,1990,1990
649,S_RES_0650_1990,1,0,0,0,0,0,0,0,0,0,1,0,0,1990,1990
650,S_RES_0651_1990,1,0,0,0,0,0,0,0,0,0,0,0,0,1990,1990
651,S_RES_0652_1990,0,0,0,0,0,0,0,0,0,0,0,0,0,1990,1990
652,S_RES_0653_1990,0,0,0,0,0,0,0,0,0,0,1,0,0,1990,1990
653,S_RES_0654_1990,1,0,0,0,0,0,0,0,1,0,1,0,0,1990,1990
654,S_RES_0655_1990,1,0,0,0,0,0,0,0,0,0,0,0,0,1990,1990
655,S_RES_0656_1990,1,0,0,0,0,0,0,0,0,0,1,0,0,1990,1990
656,S_RES_0657_1990,0,0,0,0,0,0,0,0,0,0,1,0,0,1990,1990
657,S_RES_0658_1990,0,0,0,0,0,0,0,0,0,0,1,0,0,1990,1990
658,S_RES_0659_1990,1,0,0,0,0,0,0,0,0,0,1,0,0,1990,1990
659,S_RES_0660_1990,1,0,0,0,1,1,0,1,1,0,0,1,1,1990,1990
660,S_RES_0661_1990,1,0,0,1,0,0,0,1,0,0,1,1,0,1990,1990
661,S_RES_0662_1990,1,0,0,0,0,0,0,0,1,0,0,0,0,1990,1990
662,S_RES_0663_1990,0,0,0,0,0,0,0,0,0,0,0,0,0,1990,1990
663,S_RES_0664_1990,0,0,0,1,0,0,0,0,1,0,1,0,0,1990,1990
664,S_RES_0665_1990,0,1,0,1,0,0,0,0,0,0,1,0,0,1990,1990
665,S_RES_0666_1990,1,0,0,1,0,0,0,0,0,0,1,0,0,1990,1990
666,S_RES_0667_1990,1,0,1,1,0,0,0,1,1,0,0,0,1,1990,1990
667,S_RES_0668_1990,0,0,0,0,0,0,0,0,0,0,0,0,0,1990,1990
668,S_RES_0669_1990,0,0,0,0,0,0,0,0,0,0,0,0,0,1990,1990
669,S_RES_0670_1990,1,0,0,1,0,0,0,0,0,0,0,0,0,1990,1990
670,S_RES_0671_1990,1,0,0,0,0,0,0,0,0,0,1,0,0,1990,1990
671,S_RES_0672_1990,0,0,0,0,0,0,0,0,0,0,1,0,0,1990,1990
672,S_RES_0673_1990,0,0,0,0,0,0,0,0,0,0,1,0,0,1990,1990
673,S_RES_0674_1990,0,1,0,1,0,0,0,1,1,0,1,1,0,1990,1990
674,S_RES_0675_1990,1,0,0,0,0,0,0,0,1,0,1,0,0,1990,1990
675,S_RES_0676_1990,1,0,0,0,0,0,0,0,0,0,1,0,0,1990,1990
676,S_RES_0677_1990,0,0,0,1,0,0,0,0,0,0,1,0,0,1990,1990
677,S_RES_0678_1990,1,1,0,1,0,0,0,1,1,1,1,1,0,1990,1990
678,S_RES_0679_1990,1,0,0,0,0,0,0,0,0,0,0,0,0,1990,1990
679,S_RES_0680_1990,0,0,0,0,0,0,0,0,0,0,1,0,0,1990,1990
680,S_RES_0681_1990,1,0,0,0,0,0,0,0,0,0,1,0,0,1990,1990
681,S_RES_0682_1990,1,0,0,0,0,0,0,0,0,0,0,0,0,1990,1990
682,S_RES_0683_1990,0,0,0,0,0,0,0,0,0,0,0,0,0,1990,1990
683,S_RES_0684_1991,1,0,0,0,0,0,0,0,0,0,1,0,0,1991,1990
684,S_RES_0685_1991,1,0,0,0,0,0,0,0,0,0,1,0,0,1991,1990
685,S_RES_0686_1991,1,0,1,1,0,0,0,1,1,0,1,1,0,1991,1990
686,S_RES_0687_1991,1,1,0,1,0,0,0,1,1,0,1,1,0,1991,1990
687,S_RES_0688_1991,0,1,0,0,0,0,0,1,1,0,1,1,1,1991,1990
688,S_RES_0689_1991,1,0,0,1,0,0,0,0,0,0,0,0,0,1991,1990
689,S_RES_0690_1991,1,0,0,0,0,0,0,0,0,0,1,0,0,1991,1990
690,S_RES_0691_1991,1,0,0,0,0,0,0,0,1,0,1,0,0,1991,1990
691,S_RES_0692_1991,1,0,0,1,0,0,0,0,0,0,1,0,0,1991,1990
692,S_RES_0693_1991,1,0,0,0,0,0,0,0,0,0,1,0,0,1991,1990
693,S_RES_0694_1991,1,0,0,0,0,0,0,0,0,0,0,0,0,1991,1990
694,S_RES_0695_1991,1,0,0,0,0,0,0,0,0,0,0,0,0,1991,1990
695,S_RES_0696_1991,1,0,0,0,0,0,0,0,0,0,1,0,0,1991,1990
696,S_RES_0697_1991,0,0,0,0,0,0,0,0,0,0,1,0,0,1991,1990
697,S_RES_0698_1991,0,0,0,0,0,0,0,0,0,0,1,0,0,1991,1990
698,S_RES_0699_1991,1,0,0,1,0,0,0,0,0,0,1,0,0,1991,1990
699,S_RES_0700_1991,0,1,0,1,0,0,0,0,0,0,1,0,0,1991,1990
700,S_RES_0701_1991,1,0,0,0,0,0,0,0,0,0,1,0,0,1991,1990
701,S_RES_0702_1991,0,0,0,0,0,0,0,0,0,0,0,0,0,1991,1990
702,S_RES_0703_1991,0,0,0,0,0,0,0,0,0,0,0,0,0,1991,1990
703,S_RES_0704_1991,0,0,0,0,0,0,0,0,0,0,0,0,0,1991,1990
704,S_RES_0705_1991,1,0,0,1,0,0,0,0,0,0,0,0,0,1991,1990
705,S_RES_0706_1991,1,1,0,1,0,0,0,0,0,1,1,0,0,1991,1990
706,S_RES_0707_1991,1,0,0,1,0,0,0,0,1,0,0,0,0,1991,1990
707,S_RES_0708_1991,1,0,0,0,0,0,0,0,0,0,0,0,0,1991,1990
708,S_RES_0709_1991,0,0,0,0,0,0,0,0,0,0,0,0,0,1991,1990
709,S_RES_0710_1991,0,0,0,0,0,0,0,0,0,0,0,0,0,1991,1990
710,S_RES_0711_1991,0,0,0,0,0,0,0,0,0,0,0,0,0,1991,1990
711,S_RES_0712_1991,1,1,0,1,0,0,0,0,1,1,1,0,0,1991,1990
712,S_RES_0713_1991,1,1,0,1,0,0,0,1,0,0,0,1,1,1991,1990
713,S_RES_0714_1991,0,0,0,0,0,0,0,0,0,0,0,0,0,1991,1990
714,S_RES_0715_1991,1,1,0,1,0,0,0,0,1,0,1,0,0,1991,1990
715,S_RES_0716_1991,0,0,0,0,0,0,0,0,0,0,1,0,0,1991,1990
716,S_RES_0717_1991,1,0,0,0,0,0,0,0,0,0,1,0,0,1991,1990
717,S_RES_0718_1991,0,0,0,0,0,0,0,0,0,1,1,0,0,1991,1990
718,S_RES_0719_1991,1,0,0,0,0,0,0,0,1,0,1,0,0,1991,1990
719,S_RES_0720_1991,0,0,0,0,0,0,0,0,0,0,0,0,0,1991,1990
720,S_RES_0721_1991,0,1,0,0,0,0,0,1,0,0,0,1,1,1991,1990
721,S_RES_0722_1991,1,0,0,0,0,0,0,0,0,0,0,0,0,1991,1990
722,S_RES_0723_1991,0,0,0,0,0,0,0,0,0,0,1,0,0,1991,1990
723,S_RES_0724_1991,1,1,0,1,0,0,0,1,0,0,0,1,0,1991,1990
724,S_RES_0725_1991,0,0,0,0,0,0,0,0,0,0,0,0,0,1991,1990
725,S_RES_0726_1992,1,0,0,0,0,0,0,0,0,0,1,0,0,1992,1990
726,S_RES_0727_1992,1,1,0,0,0,0,0,1,0,0,1,1,0,1992,1990
727,S_RES_0728_1992,0,0,0,0,0,0,0,0,0,0,1,0,0,1992,1990
728,S_RES_0729_1992,1,0,0,0,0,0,0,0,0,0,1,0,0,1992,1990
729,S_RES_0730_1992,1,0,0,0,0,0,0,0,0,0,0,0,0,1992,1990
730,S_RES_0731_1992,0,1,0,0,0,0,0,1,0,0,1,1,0,1992,1990
731,S_RES_0732_1992,0,0,0,0,0,0,0,0,0,0,0,0,0,1992,1990
732,S_RES_0733_1992,1,1,0,1,0,0,0,1,0,0,1,1,1,1992,1990
733,S_RES_0734_1992,1,0,0,0,0,0,0,0,0,0,1,0,0,1992,1990
734,S_RES_0735_1992,0,0,0,0,0,0,0,0,0,0,0,0,0,1992,1990
735,S_RES_0736_1992,0,0,0,0,0,0,0,0,0,0,0,0,0,1992,1990
736,S_RES_0737_1992,0,0,0,0,0,0,0,0,0,0,0,0,0,1992,1990
737,S_RES_0738_1992,0,0,0,0,0,0,0,0,0,0,0,0,0,1992,1990
738,S_RES_0739_1992,0,0,0,0,0,0,0,0,0,0,0,0,0,1992,1990
739,S_RES_0740_1992,1,1,0,0,0,0,0,1,0,0,1,1,0,1992,1990
740,S_RES_0741_1992,0,0,0,0,0,0,0,0,0,0,0,0,0,1992,1990
741,S_RES_0742_1992,0,0,0,0,0,0,0,0,0,0,0,0,0,1992,1990
742,S_RES_0743_1992,1,1,1,0,0,0,0,1,1,0,1,1,1,1992,1990
743,S_RES_0744_1992,0,0,0,0,0,0,0,0,0,0,0,0,0,1992,1990
744,S_RES_0745_1992,1,1,0,0,0,0,0,1,0,0,1,1,0,1992,1990
745,S_RES_0746_1992,0,1,0,0,0,0,0,1,0,0,1,1,1,1992,1990
746,S_RES_0747_1992,1,0,0,0,0,0,0,0,0,0,1,0,0,1992,1990
747,S_RES_0748_1992,1,1,0,1,0,0,0,1,0,0,1,1,1,1992,1990
748,S_RES_0749_1992,1,0,0,0,0,0,0,1,0,0,0,1,0,1992,1990
749,S_RES_0750_1992,1,0,0,0,0,0,0,0,0,0,1,0,0,1992,1990
750,S_RES_0751_1992,1,1,0,0,0,0,0,1,0,0,1,1,1,1992,1990
751,S_RES_0752_1992,0,1,0,0,0,0,0,1,1,0,1,1,0,1992,1990
752,S_RES_0753_1992,0,0,0,0,0,0,0,0,0,0,0,0,0,1992,1990
753,S_RES_0754_1992,0,0,0,0,0,0,0,0,0,0,0,0,0,1992,1990
754,S_RES_0755_1992,0,0,0,0,0,0,0,0,0,0,0,0,0,1992,1990
755,S_RES_0756_1992,1,0,0,0,0,0,0,0,0,0,0,0,0,1992,1990
756,S_RES_0757_1992,1,1,0,1,0,0,0,1,1,0,1,1,1,1992,1990
757,S_RES_0758_1992,1,1,0,0,0,0,0,0,1,1,1,0,0,1992,1990
758,S_RES_0759_1992,0,0,0,0,0,0,0,0,0,0,1,0,0,1992,1990
759,S_RES_0760_1992,1,0,0,1,0,0,0,0,0,0,0,0,0,1992,1990
760,S_RES_0761_1992,0,1,0,0,0,0,0,0,1,1,0,0,0,1992,1990
761,S_RES_0762_1992,0,1,0,0,0,0,0,1,0,1,0,1,0,1992,1990
762,S_RES_0763_1992,0,0,0,0,0,0,0,0,0,0,0,0,0,1992,1990
763,S_RES_0764_1992,0,1,0,0,0,0,0,0,1,1,1,0,0,1992,1990
764,S_RES_0765_1992,0,1,0,0,0,0,0,0,0,0,0,0,0,1992,1990
765,S_RES_0766_1992,0,1,0,0,0,0,0,0,1,0,1,0,0,1992,1990
766,S_RES_0767_1992,0,1,0,0,0,0,0,1,0,0,1,1,1,1992,1990
767,S_RES_0768_1992,1,0,0,0,0,0,0,0,0,0,1,0,0,1992,1990
768,S_RES_0769_1992,0,0,0,0,0,0,0,0,0,1,0,0,0,1992,1990
769,S_RES_0770_1992,0,1,0,1,0,0,0,1,1,0,1,1,1,1992,1990
770,S_RES_0771_1992,1,1,0,1,0,0,0,0,1,0,1,0,0,1992,1990
771,S_RES_0772_1992,0,1,0,0,0,0,0,0,0,1,1,0,0,1992,1990
772,S_RES_0773_1992,0,1,0,0,0,0,0,0,0,0,0,0,0,1992,1990
773,S_RES_0774_1992,0,0,0,0,0,0,0,0,0,0,1,0,0,1992,1990
774,S_RES_0775_1992,0,1,0,0,0,0,0,1,0,1,1,1,1,1992,1990
775,S_RES_0776_1992,0,1,0,0,0,0,0,0,0,1,0,0,0,1992,1990
776,S_RES_0777_1992,1,0,0,0,0,0,0,0,0,0,0,0,0,1992,1990
777,S_RES_0778_1992,0,1,0,0,0,0,0,0,0,0,0,0,0,1992,1990
778,S_RES_0779_1992,0,1,0,0,0,0,0,0,0,1,0,0,0,1992,1990
779,S_RES_0780_1992,0,1,0,0,0,0,0,0,0,0,1,0,0,1992,1990
780,S_RES_0781_1992,1,1,0,0,0,0,0,0,0,0,1,0,0,1992,1990
781,S_RES_0782_1992,0,1,0,0,0,0,0,0,0,0,0,0,0,1992,1990
782,S_RES_0783_1992,0,1,0,0,0,0,0,0,1,0,1,0,0,1992,1990
783,S_RES_0784_1992,0,1,0,0,0,0,0,0,0,0,1,0,0,1992,1990
784,S_RES_0785_1992,1,0,0,0,0,0,0,0,1,0,1,0,0,1992,1990
785,S_RES_0786_1992,0,1,0,0,0,0,0,0,0,0,0,0,0,1992,1990
786,S_RES_0787_1992,1,1,0,1,0,0,0,1,1,0,1,0,1,1992,1990
787,S_RES_0788_1992,1,1,0,1,0,0,0,1,0,0,1,1,1,1992,1990
788,S_RES_0789_1992,0,0,0,0,0,0,0,0,0,0,1,0,0,1992,1990
789,S_RES_0790_1992,1,0,0,0,0,0,0,0,0,0,0,0,0,1992,1990
790,S_RES_0791_1992,1,1,0,0,0,0,0,0,0,0,1,0,0,1992,1990
791,S_RES_0792_1992,0,1,0,0,0,0,0,0,1,0,1,0,0,1992,1990
792,S_RES_0793_1992,1,0,0,0,0,0,0,0,1,0,1,0,0,1992,1990
793,S_RES_0794_1992,1,1,0,1,0,0,0,1,1,1,1,1,1,1992,1990
794,S_RES_0795_1992,0,1,0,0,0,0,0,0,0,1,1,0,0,1992,1990
795,S_RES_0796_1992,0,0,0,0,0,0,0,0,0,0,1,0,0,1992,1990
796,S_RES_0797_1992,1,1,0,0,0,0,0,0,1,0,1,0,0,1992,1990
797,S_RES_0798_1992,0,1,0,0,0,0,0,0,0,0,1,0,0,1992,1990
798,S_RES_0799_1992,1,0,0,0,0,0,0,0,1,0,1,0,0,1992,1990
799,S_RES_0800_1993,0,0,0,0,0,0,0,0,0,0,0,0,0,1993,1990
800,S_RES_0801_1993,0,0,0,0,0,0,0,0,0,0,0,0,0,1993,1990
801,S_RES_0802_1993,0,1,0,0,0,0,0,0,1,0,0,0,0,1993,1990
802,S_RES_0803_1993,1,0,0,0,0,0,0,0,0,0,1,0,0,1993,1990
803,S_RES_0804_1993,1,1,0,0,0,0,0,0,1,0,1,0,0,1993,1990
804,S_RES_0805_1993,1,0,0,0,0,0,0,0,0,0,0,0,0,1993,1990
805,S_RES_0806_1993,1,1,0,1,0,0,0,0,0,0,1,0,0,1993,1990
806,S_RES_0807_1993,1,1,0,1,0,0,0,1,1,0,1,0,1,1993,1990
807,S_RES_0808_1993,1,1,0,0,0,0,0,1,0,0,1,1,1,1993,1990
808,S_RES_0809_1993,0,1,0,0,0,0,0,0,0,0,1,0,0,1993,1990
809,S_RES_0810_1993,0,1,0,0,0,0,0,0,1,0,1,0,0,1993,1990
810,S_RES_0811_1993,0,1,0,0,0,0,0,0,1,0,1,0,0,1993,1990
811,S_RES_0812_1993,0,1,0,0,0,0,0,1,0,0,1,1,0,1993,1990
812,S_RES_0813_1993,0,1,0,1,0,0,0,1,1,0,1,1,1,1993,1990
813,S_RES_0814_1993,1,1,0,1,0,0,0,0,1,1,1,0,0,1993,1990
814,S_RES_0815_1993,1,1,0,1,0,0,0,1,1,0,1,0,1,1993,1990
815,S_RES_0816_1993,1,1,0,1,0,0,0,1,0,1,1,1,1,1993,1990
816,S_RES_0817_1993,0,0,0,0,0,0,0,0,0,0,1,0,0,1993,1990
817,S_RES_0818_1993,0,1,0,0,0,0,0,0,0,0,1,0,0,1993,1990
818,S_RES_0819_1993,1,1,0,1,0,0,0,0,1,0,1,0,0,1993,1990
819,S_RES_0820_1993,1,1,0,1,0,0,0,0,1,0,1,0,0,1993,1990
820,S_RES_0821_1993,1,0,0,0,0,0,0,0,0,0,0,0,0,1993,1990
821,S_RES_0822_1993,0,1,0,0,0,0,0,0,1,0,1,0,0,1993,1990
822,S_RES_0823_1993,1,1,0,0,0,0,0,0,1,0,1,0,0,1993,1990
823,S_RES_0824_1993,0,1,0,1,0,0,0,0,1,1,1,0,0,1993,1990
824,S_RES_0825_1993,0,1,0,0,0,0,0,1,0,0,1,1,0,1993,1990
825,S_RES_0826_1993,0,1,0,0,0,0,0,0,1,0,1,0,0,1993,1990
826,S_RES_0827_1993,1,1,0,1,0,0,0,1,0,0,1,1,1,1993,1990
827,S_RES_0828_1993,0,0,0,0,0,0,0,0,0,0,0,0,0,1993,1990
828,S_RES_0829_1993,0,0,0,0,0,0,0,0,0,0,0,0,0,1993,1990
829,S_RES_0830_1993,1,0,0,0,0,0,0,0,0,0,0,0,0,1993,1990
830,S_RES_0831_1993,1,0,0,0,0,0,0,0,0,0,1,0,0,1993,1990
831,S_RES_0832_1993,1,1,0,0,0,0,0,0,0,0,1,0,0,1993,1990
832,S_RES_0833_1993,0,1,0,1,0,0,0,0,1,0,0,0,0,1993,1990
833,S_RES_0834_1993,1,1,0,0,0,0,0,0,1,0,1,0,0,1993,1990
834,S_RES_0835_1993,0,1,0,0,0,0,0,0,0,0,0,0,0,1993,1990
835,S_RES_0836_1993,1,1,0,1,0,0,0,1,0,1,1,1,1,1993,1990
836,S_RES_0837_1993,0,1,0,1,0,0,0,0,1,0,1,0,0,1993,1990
837,S_RES_0838_1993,0,1,0,0,0,0,0,0,0,0,1,0,0,1993,1990
838,S_RES_0839_1993,0,0,0,0,0,0,0,0,0,0,1,0,0,1993,1990
839,S_RES_0840_1993,0,1,0,0,0,0,0,0,0,0,0,0,0,1993,1990
840,S_RES_0841_1993,1,1,0,1,0,0,0,1,0,0,1,1,0,1993,1990
841,S_RES_0842_1993,1,1,0,0,0,0,0,0,0,0,0,0,0,1993,1990
842,S_RES_0843_1993,0,0,0,0,0,0,0,0,0,0,0,0,0,1993,1990
843,S_RES_0844_1993,1,1,0,1,0,0,0,0,0,0,1,0,0,1993,1990
844,S_RES_0845_1993,1,0,0,0,0,0,0,0,0,0,1,0,0,1993,1990
845,S_RES_0846_1993,1,1,0,0,0,0,0,1,0,0,1,1,0,1993,1990
846,S_RES_0847_1993,1,1,0,0,0,0,0,0,0,0,1,0,0,1993,1990
847,S_RES_0848_1993,0,0,0,0,0,0,0,0,0,0,0,0,0,1993,1990
848,S_RES_0849_1993,1,1,0,0,0,0,0,0,0,0,1,0,0,1993,1990
849,S_RES_0850_1993,0,1,0,0,0,0,0,0,0,0,1,0,0,1993,1990
850,S_RES_0851_1993,1,1,0,0,0,0,0,0,1,0,1,0,0,1993,1990
851,S_RES_0852_1993,1,0,0,0,0,0,0,0,0,0,1,0,0,1993,1990
852,S_RES_0853_1993,0,1,0,0,0,0,0,0,1,0,1,0,0,1993,1990
853,S_RES_0854_1993,0,1,0,0,0,0,0,0,0,0,0,0,0,1993,1990
854,S_RES_0855_1993,0,1,0,0,0,0,0,0,0,0,0,0,0,1993,1990
855,S_RES_0856_1993,0,1,0,0,0,0,0,0,0,0,0,0,0,1993,1990
856,S_RES_0857_1993,0,0,0,0,0,0,0,0,0,0,0,0,0,1993,1990
857,S_RES_0858_1993,1,1,0,0,0,0,0,0,0,0,1,0,0,1993,1990
858,S_RES_0859_1993,0,1,0,1,0,0,0,1,1,0,0,1,1,1993,1990
859,S_RES_0860_1993,1,1,0,0,0,0,0,0,0,0,0,0,0,1993,1990
860,S_RES_0861_1993,1,1,0,1,0,0,0,0,0,0,1,0,0,1993,1990
861,S_RES_0862_1993,1,1,0,0,0,0,0,1,0,0,0,1,0,1993,1990
862,S_RES_0863_1993,0,1,0,0,0,0,0,0,0,0,1,0,0,1993,1990
863,S_RES_0864_1993,1,1,0,1,0,0,0,1,1,0,1,1,1,1993,1990
864,S_RES_0865_1993,0,1,0,0,0,0,0,0,0,0,1,0,0,1993,1990
865,S_RES_0866_1993,1,1,0,0,0,0,0,0,0,0,1,0,0,1993,1990
866,S_RES_0867_1993,1,1,0,0,0,0,0,1,0,0,1,1,0,1993,1990
867,S_RES_0868_1993,0,1,0,0,0,0,0,0,0,0,1,0,0,1993,1990
868,S_RES_0869_1993,1,1,0,0,0,0,0,0,0,0,0,0,0,1993,1990
869,S_RES_0870_1993,1,1,0,1,0,0,0,0,0,0,0,0,0,1993,1990
870,S_RES_0871_1993,1,1,0,1,0,0,0,0,0,1,1,0,0,1993,1990
871,S_RES_0872_1993,1,1,0,0,0,0,0,0,1,1,1,0,0,1993,1990
872,S_RES_0873_1993,1,1,0,1,0,0,0,1,0,0,0,0,1,1993,1990
873,S_RES_0874_1993,0,1,0,0,0,0,0,0,0,0,1,0,0,1993,1990
874,S_RES_0875_1993,0,1,0,0,0,0,0,1,0,0,0,0,1,1993,1990
875,S_RES_0876_1993,0,1,0,0,0,0,0,0,1,0,0,0,0,1993,1990
876,S_RES_0877_1993,0,0,0,0,0,0,0,0,0,0,0,0,0,1993,1990
877,S_RES_0878_1993,1,1,0,1,0,0,0,0,0,0,1,0,0,1993,1990
878,S_RES_0879_1993,1,1,0,0,0,0,0,0,0,0,0,0,0,1993,1990
879,S_RES_0880_1993,1,0,0,0,0,0,0,0,1,0,1,0,0,1993,1990
880,S_RES_0881_1993,1,1,0,0,0,0,0,0,0,0,1,0,0,1993,1990
881,S_RES_0882_1993,1,1,0,0,0,0,0,0,0,1,1,0,0,1993,1990
882,S_RES_0883_1993,1,1,0,1,0,0,0,1,1,0,1,1,1,1993,1990
883,S_RES_0884_1993,0,1,0,0,0,0,0,0,1,0,1,0,0,1993,1990
884,S_RES_0885_1993,1,0,0,0,0,0,0,0,0,1,1,0,0,1993,1990
885,S_RES_0886_1993,1,1,0,1,0,0,0,0,0,0,1,0,0,1993,1990
886,S_RES_0887_1993,1,0,0,0,0,0,0,0,0,0,0,0,0,1993,1990
887,S_RES_0888_1993,1,1,0,0,0,0,0,0,0,0,1,0,0,1993,1990
888,S_RES_0889_1993,1,0,0,0,0,0,0,0,0,0,1,0,0,1993,1990
889,S_RES_0890_1993,1,1,0,0,0,0,0,0,0,0,1,0,0,1993,1990
890,S_RES_0891_1993,1,1,0,0,0,0,0,0,0,0,0,0,0,1993,1990
891,S_RES_0892_1993,0,1,0,0,0,0,0,0,0,1,1,0,0,1993,1990
892,S_RES_0893_1994,0,1,0,0,0,0,0,0,0,0,0,0,0,1994,1990
893,S_RES_0894_1994,0,1,0,0,0,0,0,0,0,0,0,0,0,1994,1990
894,S_RES_0895_1994,1,0,0,0,0,0,0,0,0,0,1,0,0,1994,1990
895,S_RES_0896_1994,0,1,0,0,0,0,0,0,0,0,1,0,0,1994,1990
896,S_RES_0897_1994,0,1,0,1,0,0,0,0,1,1,1,0,0,1994,1990
897,S_RES_0898_1994,0,1,0,0,0,0,0,0,0,1,1,0,0,1994,1990
898,S_RES_0899_1994,1,0,0,1,0,0,0,0,0,0,0,0,0,1994,1990
899,S_RES_0900_1994,0,1,0,1,0,0,0,1,0,0,1,1,1,1994,1990
900,S_RES_0901_1994,1,1,0,0,0,0,0,0,0,0,1,0,0,1994,1990
901,S_RES_0902_1994,1,0,0,0,0,0,0,0,0,0,1,0,0,1994,1990
902,S_RES_0903_1994,1,1,0,0,0,0,0,0,1,0,1,0,0,1994,1990
903,S_RES_0904_1994,0,0,0,0,0,0,0,0,0,0,1,0,0,1994,1990
904,S_RES_0905_1994,1,1,0,0,0,0,0,0,0,0,1,0,0,1994,1990
905,S_RES_0906_1994,1,1,0,0,0,0,0,0,0,0,1,0,0,1994,1990
906,S_RES_0907_1994,1,1,0,0,0,0,0,0,0,0,1,0,0,1994,1990
907,S_RES_0908_1994,1,1,0,1,0,0,0,0,1,1,1,0,0,1994,1990
908,S_RES_0909_1994,1,1,0,0,0,0,0,0,0,0,0,0,0,1994,1990
909,S_RES_0910_1994,1,0,0,1,0,0,0,0,0,0,1,0,0,1994,1990
910,S_RES_0911_1994,1,1,0,0,0,0,0,0,0,0,0,0,0,1994,1990
911,S_RES_0912_1994,1,1,0,0,0,0,0,0,1,1,0,0,0,1994,1990
912,S_RES_0913_1994,0,1,0,1,0,0,0,1,1,0,0,1,1,1994,1990
913,S_RES_0914_1994,1,1,0,1,0,0,0,0,0,0,0,0,0,1994,1990
914,S_RES_0915_1994,1,1,0,1,0,0,0,0,0,1,1,0,0,1994,1990
915,S_RES_0916_1994,1,1,0,0,0,0,0,0,0,0,1,0,0,1994,1990
916,S_RES_0917_1994,1,1,0,1,0,0,0,1,0,0,1,0,1,1994,1990
917,S_RES_0918_1994,1,1,0,1,0,0,0,1,1,1,1,0,1,1994,1990
918,S_RES_0919_1994,1,0,0,1,0,0,0,0,0,0,0,0,0,1994,1990
919,S_RES_0920_1994,1,1,0,0,0,0,0,0,0,0,1,0,0,1994,1990
920,S_RES_0921_1994,1,0,0,0,0,0,0,0,0,0,0,0,0,1994,1990
921,S_RES_0922_1994,1,1,0,0,0,0,0,0,0,0,1,0,0,1994,1990
922,S_RES_0923_1994,1,1,0,1,0,0,0,0,1,0,0,0,0,1994,1990
923,S_RES_0924_1994,0,1,0,0,0,0,0,0,0,0,1,0,0,1994,1990
924,S_RES_0925_1994,1,1,0,0,0,0,0,0,1,0,1,0,0,1994,1990
925,S_RES_0926_1994,1,0,0,0,0,0,0,0,0,0,0,0,0,1994,1990
926,S_RES_0927_1994,0,0,0,0,0,0,0,0,0,0,1,0,0,1994,1990
927,S_RES_0928_1994,1,1,0,0,0,0,0,0,0,0,1,0,0,1994,1990
928,S_RES_0929_1994,1,1,0,1,0,0,0,1,1,0,1,0,1,1994,1990
929,S_RES_0930_1994,1,0,0,0,0,0,0,0,0,0,0,0,0,1994,1990
930,S_RES_0931_1994,0,1,0,0,0,0,0,0,0,0,1,0,0,1994,1990
931,S_RES_0932_1994,1,1,0,0,0,0,0,0,0,0,1,0,0,1994,1990
932,S_RES_0933_1994,1,1,0,0,0,0,0,1,0,1,1,0,1,1994,1990
933,S_RES_0934_1994,1,1,0,0,0,0,0,0,0,0,1,0,0,1994,1990
934,S_RES_0935_1994,0,1,0,0,0,0,0,0,0,0,1,0,0,1994,1990
935,S_RES_0936_1994,0,0,0,0,0,0,0,0,0,0,0,0,0,1994,1990
936,S_RES_0937_1994,1,1,0,0,0,0,0,0,0,0,1,0,0,1994,1990
937,S_RES_0938_1994,1,0,0,0,0,0,0,0,0,0,1,0,0,1994,1990
938,S_RES_0939_1994,0,1,0,0,0,0,0,0,0,0,1,0,0,1994,1990
939,S_RES_0940_1994,1,1,0,1,0,0,0,1,1,0,1,0,1,1994,1990
940,S_RES_0941_1994,0,1,0,1,0,0,0,1,1,0,1,1,1,1994,1990
941,S_RES_0942_1994,1,1,0,1,0,0,0,1,1,0,1,1,1,1994,1990
942,S_RES_0943_1994,1,1,0,1,0,0,0,0,0,0,1,0,0,1994,1990
943,S_RES_0944_1994,1,1,0,1,0,0,0,0,0,0,1,0,0,1994,1990
944,S_RES_0945_1994,1,1,0,0,0,0,0,0,1,0,1,0,0,1994,1990
945,S_RES_0946_1994,1,1,0,0,0,0,0,0,0,0,0,0,0,1994,1990
946,S_RES_0947_1994,1,1,0,1,0,0,0,0,0,0,1,0,0,1994,1990
947,S_RES_0948_1994,0,1,0,0,0,0,0,0,0,0,0,0,0,1994,1990
948,S_RES_0949_1994,0,1,0,1,0,0,0,1,1,0,0,0,1,1994,1990
949,S_RES_0950_1994,1,1,0,1,0,0,0,0,1,0,1,0,0,1994,1990
950,S_RES_0951_1994,1,0,0,0,0,0,0,0,0,0,0,0,0,1994,1990
951,S_RES_0952_1994,1,1,0,0,0,0,0,0,1,1,1,0,0,1994,1990
952,S_RES_0953_1994,1,1,0,0,0,0,0,0,0,0,0,0,0,1994,1990
953,S_RES_0954_1994,1,1,0,1,0,0,0,0,1,1,1,0,0,1994,1990
954,S_RES_0955_1994,1,1,0,1,0,0,0,1,0,0,1,1,1,1994,1990
955,S_RES_0956_1994,0,0,0,0,0,0,0,0,0,0,0,0,0,1994,1990
956,S_RES_0957_1994,1,1,0,0,0,0,0,0,0,1,1,0,0,1994,1990
957,S_RES_0958_1994,1,0,0,1,0,0,0,1,0,0,0,1,1,1994,1990
958,S_RES_0959_1994,0,1,0,0,0,0,0,0,1,0,1,0,0,1994,1990
959,S_RES_0960_1994,0,1,0,0,0,0,0,0,0,0,0,0,0,1994,1990
960,S_RES_0961_1994,1,1,0,0,0,0,0,0,0,0,1,0,0,1994,1990
961,S_RES_0962_1994,1,0,0,0,0,0,0,0,0,0,0,0,0,1994,1990
962,S_RES_0963_1994,0,0,0,0,0,0,0,0,0,0,0,0,0,1994,1990
963,S_RES_0964_1994,0,1,0,0,0,0,0,0,0,1,1,0,0,1994,1990
964,S_RES_0965_1994,1,1,0,0,0,0,0,0,0,0,1,0,0,1994,1990
965,S_RES_0966_1994,1,1,0,0,0,0,0,0,1,0,1,0,0,1994,1990
966,S_RES_0967_1994,1,1,0,1,0,0,0,0,0,0,0,0,0,1994,1990
967,S_RES_0968_1994,1,1,0,0,0,0,0,0,0,0,1,0,0,1994,1990
968,S_RES_0969_1994,0,0,0,0,0,0,0,0,0,0,1,0,0,1994,1990
969,S_RES_0970_1995,1,1,0,1,0,0,0,0,0,0,1,0,0,1995,1990
970,S_RES_0971_1995,1,1,0,0,0,0,0,0,0,0,1,0,0,1995,1990
971,S_RES_0972_1995,1,1,0,0,0,0,0,0,1,0,1,0,0,1995,1990
972,S_RES_0973_1995,1,1,0,0,0,0,0,0,0,0,1,0,0,1995,1990
973,S_RES_0974_1995,1,0,0,0,0,0,0,0,0,0,1,0,0,1995,1990
974,S_RES_0975_1995,1,1,0,0,0,0,0,1,0,1,1,0,1,1995,1990
975,S_RES_0976_1995,1,1,0,0,0,0,0,0,1,1,1,0,0,1995,1990
976,S_RES_0977_1995,1,0,0,0,0,0,0,0,0,0,0,0,0,1995,1990
977,S_RES_0978_1995,0,1,0,0,0,0,0,0,1,0,0,0,0,1995,1990
978,S_RES_0979_1995,1,0,0,0,0,0,0,0,0,0,0,0,0,1995,1990
979,S_RES_0980_1995,1,0,0,0,0,0,0,0,0,0,0,0,0,1995,1990
980,S_RES_0981_1995,1,1,0,1,0,0,0,0,1,0,1,0,0,1995,1990
981,S_RES_0982_1995,1,1,0,1,0,0,0,0,1,1,1,0,0,1995,1990
982,S_RES_0983_1995,1,1,0,0,0,0,0,0,0,0,1,0,0,1995,1990
983,S_RES_0984_1995,0,0,0,0,0,0,0,1,0,0,0,1,1,1995,1990
984,S_RES_0985_1995,1,1,0,1,0,0,0,0,1,0,1,0,0,1995,1990
985,S_RES_0986_1995,1,1,0,1,0,0,0,0,0,1,1,0,0,1995,1990
986,S_RES_0987_1995,0,1,0,1,0,0,0,0,1,0,0,0,0,1995,1990
987,S_RES_0988_1995,1,1,0,1,0,0,0,0,0,0,1,0,0,1995,1990
988,S_RES_0989_1995,0,0,0,0,0,0,0,0,0,0,0,0,0,1995,1990
989,S_RES_0990_1995,1,1,0,1,0,0,0,0,0,0,1,0,0,1995,1990
990,S_RES_0991_1995,0,0,0,0,0,0,0,0,0,0,0,0,0,1995,1990
991,S_RES_0992_1995,1,1,0,1,0,0,0,0,0,0,1,0,0,1995,1990
992,S_RES_0993_1995,1,1,0,0,0,0,0,0,0,0,1,0,0,1995,1990
993,S_RES_0994_1995,0,1,0,1,0,0,0,0,1,0,1,0,0,1995,1990
994,S_RES_0995_1995,1,1,0,0,0,0,0,0,0,0,0,0,0,1995,1990
995,S_RES_0996_1995,1,0,0,0,0,0,0,0,0,0,0,0,0,1995,1990
996,S_RES_0997_1995,1,1,0,1,0,0,0,0,0,1,1,0,0,1995,1990
997,S_RES_0998_1995,1,1,0,1,0,0,0,1,1,1,1,1,1,1995,1990
998,S_RES_0999_1995,1,1,0,0,0,0,0,0,0,0,1,0,0,1995,1990
999,S_RES_1000_1995,1,1,0,0,0,0,0,0,0,0,1,0,0,1995,1990
1000,S_RES_1001_1995,1,1,0,0,0,0,0,0,1,0,1,0,0,1995,1990
1001,S_RES_1002_1995,1,1,0,0,0,0,0,0,0,0,1,0,0,1995,1990
1002,S_RES_1003_1995,1,1,0,1,0,0,0,0,0,0,0,0,0,1995,1990
1003,S_RES_1004_1995,0,1,0,1,0,0,0,0,1,0,1,0,0,1995,1990
1004,S_RES_1005_1995,1,0,0,1,0,0,0,0,0,0,0,0,0,1995,1990
1005,S_RES_1006_1995,1,0,0,0,0,0,0,0,0,0,1,0,0,1995,1990
1006,S_RES_1007_1995,1,1,0,0,0,0,0,0,0,0,1,0,0,1995,1990
1007,S_RES_1008_1995,1,1,0,0,0,0,0,0,1,1,1,0,0,1995,1990
1008,S_RES_1009_1995,0,1,0,1,0,0,0,0,1,0,1,0,0,1995,1990
1009,S_RES_1010_1995,0,1,0,0,0,0,0,0,1,0,1,0,0,1995,1990
1010,S_RES_1011_1995,1,1,0,1,0,0,0,0,0,0,1,0,0,1995,1990
1011,S_RES_1012_1995,0,1,0,0,0,0,0,0,0,0,1,0,0,1995,1990
1012,S_RES_1013_1995,0,1,0,0,0,0,0,0,0,0,1,0,0,1995,1990
1013,S_RES_1014_1995,1,1,0,0,0,0,0,0,1,0,1,0,0,1995,1990
1014,S_RES_1015_1995,1,1,0,1,0,0,0,0,0,0,0,0,0,1995,1990
1015,S_RES_1016_1995,0,1,0,0,0,0,0,0,1,0,1,0,0,1995,1990
1016,S_RES_1017_1995,1,1,0,0,0,0,0,0,0,0,1,0,0,1995,1990
1017,S_RES_1018_1995,1,0,0,0,0,0,0,0,0,0,0,0,0,1995,1990
1018,S_RES_1019_1995,0,1,0,0,0,0,0,0,1,0,1,0,0,1995,1990
1019,S_RES_1020_1995,1,1,0,0,0,0,0,0,1,0,1,0,0,1995,1990
1020,S_RES_1021_1995,1,1,0,1,0,0,0,1,0,0,1,1,1,1995,1990
1021,S_RES_1022_1995,1,1,0,1,0,0,0,1,0,0,1,1,1,1995,1990
1022,S_RES_1023_1995,0,1,0,0,0,0,0,0,0,0,0,0,0,1995,1990
1023,S_RES_1024_1995,1,0,0,0,0,0,0,0,0,0,0,0,0,1995,1990
1024,S_RES_1025_1995,1,1,0,1,0,0,0,0,0,0,1,0,0,1995,1990
1025,S_RES_1026_1995,1,1,0,1,0,0,0,0,0,0,0,0,0,1995,1990
1026,S_RES_1027_1995,1,1,0,0,0,0,0,0,0,0,1,0,0,1995,1990
1027,S_RES_1028_1995,1,1,0,0,0,0,0,0,0,0,0,0,0,1995,1990
1028,S_RES_1029_1995,1,1,0,0,0,0,0,0,0,0,1,0,0,1995,1990
1029,S_RES_1030_1995,1,1,0,0,0,0,0,0,0,0,1,0,0,1995,1990
1030,S_RES_1031_1995,1,1,0,1,0,0,0,1,1,1,1,1,1,1995,1990
1031,S_RES_1032_1995,1,1,0,0,0,0,0,0,0,0,1,0,0,1995,1990
1032,S_RES_1033_1995,0,1,0,0,0,0,0,0,0,0,1,0,0,1995,1990
1033,S_RES_1034_1995,0,1,0,0,0,0,0,0,1,0,1,0,0,1995,1990
1034,S_RES_1035_1995,1,1,0,0,0,0,0,0,0,0,1,0,0,1995,1990
1035,S_RES_1036_1996,1,1,0,0,0,0,0,0,1,0,1,0,0,1996,1990
1036,S_RES_1037_1996,1,1,0,1,0,0,0,1,0,0,1,1,1,1996,1990
1037,S_RES_1038_1996,0,1,0,0,0,0,0,1,0,1,1,1,1,1996,1990
1038,S_RES_1039_1996,1,0,0,0,0,0,0,0,0,0,1,0,0,1996,1990
1039,S_RES_1040_1996,0,1,0,0,0,0,0,0,1,0,1,0,0,1996,1990
1040,S_RES_1041_1996,1,1,0,0,0,0,0,0,1,0,1,0,0,1996,1990
1041,S_RES_1042_1996,1,1,0,0,0,0,0,0,0,0,1,0,0,1996,1990
1042,S_RES_1043_1996,1,1,0,0,0,0,0,0,0,0,0,0,0,1996,1990
1043,S_RES_1044_1996,0,1,0,0,0,0,0,1,0,0,1,1,0,1996,1990
1044,S_RES_1045_1996,1,1,0,0,0,0,0,0,0,0,1,0,0,1996,1990
1045,S_RES_1046_1996,1,1,0,0,0,0,0,0,0,0,1,0,0,1996,1990
1046,S_RES_1047_1996,0,0,0,0,0,0,0,0,0,0,0,0,0,1996,1990
1047,S_RES_1048_1996,1,1,0,0,0,0,0,0,0,0,1,0,0,1996,1990
1048,S_RES_1049_1996,1,1,0,0,0,0,0,0,1,0,1,0,0,1996,1990
1049,S_RES_1050_1996,0,1,0,0,0,0,0,0,0,1,1,0,0,1996,1990
1050,S_RES_1051_1996,1,1,0,1,0,0,0,0,1,0,1,0,0,1996,1990
1051,S_RES_1052_1996,0,1,0,0,0,0,0,0,0,0,1,0,0,1996,1990
1052,S_RES_1053_1996,0,1,0,0,0,0,0,1,0,0,1,0,1,1996,1990
1053,S_RES_1054_1996,1,1,0,1,0,0,0,1,1,0,1,1,1,1996,1990
1054,S_RES_1055_1996,1,1,0,0,0,0,0,0,1,0,1,0,0,1996,1990
1055,S_RES_1056_1996,1,1,0,0,0,0,0,0,0,0,1,0,0,1996,1990
1056,S_RES_1057_1996,1,0,0,0,0,0,0,0,0,0,0,0,0,1996,1990
1057,S_RES_1058_1996,1,1,0,0,0,0,0,0,0,0,1,0,0,1996,1990
1058,S_RES_1059_1996,1,1,0,0,0,0,0,0,1,0,1,0,0,1996,1990
1059,S_RES_1060_1996,0,1,0,1,0,0,0,0,1,0,0,0,0,1996,1990
1060,S_RES_1061_1996,1,1,0,0,0,0,0,0,0,0,1,0,0,1996,1990
1061,S_RES_1062_1996,1,1,0,0,0,0,0,0,0,0,1,0,0,1996,1990
1062,S_RES_1063_1996,1,1,0,0,0,0,0,0,0,0,1,0,0,1996,1990
1063,S_RES_1064_1996,1,1,0,0,0,0,0,0,1,0,1,0,0,1996,1990
1064,S_RES_1065_1996,1,1,0,0,0,0,0,0,1,0,1,0,0,1996,1990
1065,S_RES_1066_1996,0,1,0,0,0,0,0,1,0,1,1,1,1,1996,1990
1066,S_RES_1067_1996,0,1,0,0,0,0,0,0,0,0,0,0,0,1996,1990
1067,S_RES_1068_1996,1,0,0,0,0,0,0,0,0,0,1,0,0,1996,1990
1068,S_RES_1069_1996,1,1,0,0,0,0,0,0,0,0,0,0,0,1996,1990
1069,S_RES_1070_1996,1,1,0,1,0,0,0,1,1,0,1,1,1,1996,1990
1070,S_RES_1071_1996,1,1,0,0,0,0,0,0,1,0,1,0,0,1996,1990
1071,S_RES_1072_1996,1,1,0,0,0,0,0,0,1,0,1,0,0,1996,1990
1072,S_RES_1073_1996,1,0,0,0,0,0,0,0,0,0,0,0,0,1996,1990
1073,S_RES_1074_1996,1,1,0,1,0,0,0,0,0,0,0,0,0,1996,1990
1074,S_RES_1075_1996,1,1,0,0,0,0,0,0,1,0,1,0,0,1996,1990
1075,S_RES_1076_1996,0,1,0,0,0,0,0,0,1,0,1,0,0,1996,1990
1076,S_RES_1077_1996,1,0,0,0,0,0,0,0,0,0,1,0,0,1996,1990
1077,S_RES_1078_1996,1,1,0,0,0,0,0,1,0,0,1,0,1,1996,1990
1078,S_RES_1079_1996,1,1,0,1,0,0,0,1,0,0,1,1,1,1996,1990
1079,S_RES_1080_1996,1,1,0,1,0,0,0,1,0,1,1,1,1,1996,1990
1080,S_RES_1081_1996,1,0,0,0,0,0,0,0,0,0,0,0,0,1996,1990
1081,S_RES_1082_1996,1,1,0,0,0,0,0,0,0,0,1,0,0,1996,1990
1082,S_RES_1083_1996,1,1,0,0,0,0,0,0,1,0,1,0,0,1996,1990
1083,S_RES_1084_1996,1,1,0,0,0,0,0,0,0,0,1,0,0,1996,1990
1084,S_RES_1085_1996,1,1,0,0,0,0,0,0,0,0,0,0,0,1996,1990
1085,S_RES_1086_1996,1,1,0,0,0,0,0,0,0,0,1,0,0,1996,1990
1086,S_RES_1087_1996,1,1,0,0,0,0,0,0,1,1,1,0,0,1996,1990
1087,S_RES_1088_1996,1,1,0,1,0,0,0,1,1,1,1,1,1,1996,1990
1088,S_RES_1089_1996,1,1,0,0,0,0,0,0,1,0,1,0,0,1996,1990
1089,S_RES_1090_1996,0,0,0,0,0,0,0,0,0,0,0,0,0,1996,1990
1090,S_RES_1091_1996,0,0,0,0,0,0,0,0,0,0,0,0,0,1996,1990
1091,S_RES_1092_1996,1,1,0,0,0,0,0,0,1,0,1,0,0,1996,1990
1092,S_RES_1093_1997,0,1,0,0,0,0,0,1,0,1,1,1,1,1997,1990
1093,S_RES_1094_1997,1,0,0,0,0,0,0,0,0,0,1,0,0,1997,1990
1094,S_RES_1095_1997,1,0,0,0,0,0,0,0,0,0,1,0,0,1997,1990
1095,S_RES_1096_1997,1,1,0,0,0,0,0,0,1,0,1,0,0,1997,1990
1096,S_RES_1097_1997,0,1,0,0,0,0,0,0,0,0,0,0,0,1997,1990
1097,S_RES_1098_1997,1,1,0,0,0,0,0,0,0,0,1,0,0,1997,1990
1098,S_RES_1099_1997,1,1,0,0,0,0,0,0,0,0,1,0,0,1997,1990
1099,S_RES_1100_1997,1,1,0,0,0,0,0,0,0,0,1,0,0,1997,1990
1100,S_RES_1101_1997,1,1,0,1,0,0,0,1,0,1,1,0,1,1997,1990
1101,S_RES_1102_1997,1,1,0,0,0,0,0,0,0,0,1,0,0,1997,1990
1102,S_RES_1103_1997,1,1,0,0,0,0,0,0,0,0,0,0,0,1997,1990
1103,S_RES_1104_1997,0,0,0,0,0,0,0,0,0,0,0,0,0,1997,1990
1104,S_RES_1105_1997,1,1,0,0,0,0,0,0,0,0,1,0,0,1997,1990
1105,S_RES_1106_1997,1,1,0,0,0,0,0,0,0,0,1,0,0,1997,1990
1106,S_RES_1107_1997,1,0,0,0,0,0,0,0,0,0,0,0,0,1997,1990
1107,S_RES_1108_1997,1,1,0,0,0,0,0,0,0,0,1,0,0,1997,1990
1108,S_RES_1109_1997,1,0,0,0,0,0,0,0,0,0,0,0,0,1997,1990
1109,S_RES_1110_1997,1,1,0,0,0,0,0,0,0,0,1,0,0,1997,1990
1110,S_RES_1111_1997,1,1,0,1,0,0,0,0,0,0,1,0,0,1997,1990
1111,S_RES_1112_1997,0,0,0,0,0,0,0,0,0,0,0,0,0,1997,1990
1112,S_RES_1113_1997,1,1,0,0,0,0,0,0,0,0,1,0,0,1997,1990
1113,S_RES_1114_1997,1,1,0,1,0,0,0,1,0,1,1,0,1,1997,1990
1114,S_RES_1115_1997,1,1,0,1,0,0,0,0,1,0,1,0,0,1997,1990
1115,S_RES_1116_1997,1,1,0,0,0,0,0,0,0,0,1,0,0,1997,1990
1116,S_RES_1117_1997,1,1,0,0,0,0,0,0,0,0,1,0,0,1997,1990
1117,S_RES_1118_1997,1,1,0,0,0,0,0,0,1,0,1,0,0,1997,1990
1118,S_RES_1119_1997,0,1,0,0,0,0,0,1,0,1,1,1,1,1997,1990
1119,S_RES_1120_1997,1,1,0,1,0,0,0,1,0,0,1,1,1,1997,1990
1120,S_RES_1121_1997,1,0,0,0,0,0,0,1,0,0,1,1,0,1997,1990
1121,S_RES_1122_1997,1,0,0,0,0,0,0,0,0,0,1,0,0,1997,1990
1122,S_RES_1123_1997,1,1,0,0,0,0,0,0,0,0,1,0,0,1997,1990
1123,S_RES_1124_1997,1,1,0,0,0,0,0,0,1,0,1,0,0,1997,1990
1124,S_RES_1125_1997,1,1,0,1,0,0,0,1,0,0,1,1,1,1997,1990
1125,S_RES_1126_1997,0,0,0,0,0,0,0,0,0,0,0,0,0,1997,1990
1126,S_RES_1127_1997,1,1,0,1,0,0,0,1,1,0,1,1,1,1997,1990
1127,S_RES_1128_1997,1,1,0,0,0,0,0,0,0,0,1,0,0,1997,1990
1128,S_RES_1129_1997,1,1,0,1,0,0,0,0,0,0,0,0,0,1997,1990
1129,S_RES_1130_1997,1,1,0,1,0,0,0,0,0,0,0,0,0,1997,1990
1130,S_RES_1131_1997,1,1,0,0,0,0,0,0,0,0,0,0,0,1997,1990
1131,S_RES_1132_1997,1,1,0,1,0,0,0,1,1,0,1,1,1,1997,1990
1132,S_RES_1133_1997,1,1,0,0,0,0,0,0,0,0,1,0,0,1997,1990
1133,S_RES_1134_1997,1,1,0,1,0,0,0,0,1,0,1,0,0,1997,1990
1134,S_RES_1135_1997,1,1,0,1,0,0,0,1,1,0,1,1,1,1997,1990
1135,S_RES_1136_1997,1,1,0,1,0,0,0,1,0,0,1,1,1,1997,1990
1136,S_RES_1137_1997,1,1,0,1,0,0,0,1,1,0,1,1,1,1997,1990
1137,S_RES_1138_1997,1,1,0,0,0,0,0,0,0,1,1,0,0,1997,1990
1138,S_RES_1139_1997,1,0,0,0,0,0,0,0,0,0,0,0,0,1997,1990
1139,S_RES_1140_1997,1,1,0,0,0,0,0,0,0,0,0,0,0,1997,1990
1140,S_RES_1141_1997,1,1,0,0,0,0,0,0,0,0,1,0,0,1997,1990
1141,S_RES_1142_1997,1,1,0,0,0,0,0,0,0,0,1,0,0,1997,1990
1142,S_RES_1143_1997,1,1,0,1,0,0,0,0,0,0,1,0,0,1997,1990
1143,S_RES_1144_1997,1,1,0,0,0,0,0,0,0,0,1,0,0,1997,1990
1144,S_RES_1145_1997,1,1,0,0,0,0,0,0,0,0,1,0,0,1997,1990
1145,S_RES_1146_1997,1,1,0,0,0,0,0,0,0,0,1,0,0,1997,1990
1146,S_RES_1147_1998,0,1,0,0,0,0,0,0,0,1,1,0,0,1998,1990
1147,S_RES_1148_1998,0,1,0,0,0,0,0,0,0,0,1,0,0,1998,1990
1148,S_RES_1149_1998,1,1,0,0,0,0,0,0,1,0,1,0,0,1998,1990
1149,S_RES_1150_1998,1,1,0,0,0,0,0,0,0,0,1,0,0,1998,1990
1150,S_RES_1151_1998,1,0,0,0,0,0,0,0,0,0,1,0,0,1998,1990
1151,S_RES_1152_1998,1,1,0,1,0,0,0,1,0,0,1,1,1,1998,1990
1152,S_RES_1153_1998,1,1,0,1,0,0,0,0,0,0,1,0,0,1998,1990
1153,S_RES_1154_1998,1,0,0,1,0,0,0,0,0,0,1,0,0,1998,1990
1154,S_RES_1155_1998,1,1,0,1,0,0,0,1,0,0,0,1,1,1998,1990
1155,S_RES_1156_1998,1,1,0,1,0,0,0,0,0,0,0,0,0,1998,1990
1156,S_RES_1157_1998,1,1,0,0,0,0,0,0,1,0,1,0,0,1998,1990
1157,S_RES_1158_1998,1,1,0,1,0,0,0,0,0,0,0,0,0,1998,1990
1158,S_RES_1159_1998,1,1,0,1,0,0,0,1,0,1,1,1,1,1998,1990
1159,S_RES_1160_1998,1,1,0,1,0,0,0,0,0,0,1,0,0,1998,1990
1160,S_RES_1161_1998,0,1,0,0,0,0,0,1,0,0,1,0,1,1998,1990
1161,S_RES_1162_1998,0,1,0,0,0,0,0,0,0,1,1,0,0,1998,1990
1162,S_RES_1163_1998,1,1,0,0,0,0,0,0,0,0,1,0,0,1998,1990
1163,S_RES_1164_1998,1,1,0,0,0,0,0,0,1,0,1,0,0,1998,1990
1164,S_RES_1165_1998,1,1,0,1,0,0,0,0,0,0,1,0,0,1998,1990
1165,S_RES_1166_1998,1,1,0,1,0,0,0,0,0,0,1,0,0,1998,1990
1166,S_RES_1167_1998,1,1,0,0,0,0,0,0,0,0,1,0,0,1998,1990
1167,S_RES_1168_1998,1,1,0,0,0,0,0,0,0,0,1,0,0,1998,1990
1168,S_RES_1169_1998,1,0,0,0,0,0,0,0,0,0,0,0,0,1998,1990
1169,S_RES_1170_1998,1,1,0,0,0,0,0,1,0,0,1,1,0,1998,1990
1170,S_RES_1171_1998,1,1,0,1,0,0,0,0,0,0,1,0,0,1998,1990
1171,S_RES_1172_1998,0,1,0,0,0,0,0,1,1,0,1,1,1,1998,1990
1172,S_RES_1173_1998,1,1,0,1,0,0,0,1,1,0,1,1,1,1998,1990
1173,S_RES_1174_1998,1,1,0,1,0,0,0,1,1,1,1,1,1,1998,1990
1174,S_RES_1175_1998,1,1,0,1,0,0,0,0,0,1,1,0,0,1998,1990
1175,S_RES_1176_1998,1,1,0,1,0,0,0,1,1,0,1,1,1,1998,1990
1176,S_RES_1177_1998,0,1,0,0,0,0,0,0,1,0,1,0,0,1998,1990
1177,S_RES_1178_1998,1,1,0,0,0,0,0,0,0,0,1,0,0,1998,1990
1178,S_RES_1179_1998,0,1,0,0,0,0,0,0,0,0,1,0,0,1998,1990
1179,S_RES_1180_1998,1,1,0,0,0,0,0,0,1,0,1,0,0,1998,1990
1180,S_RES_1181_1998,1,1,0,0,0,0,0,0,1,0,1,0,0,1998,1990
1181,S_RES_1182_1998,1,1,0,0,0,0,0,0,0,0,1,0,0,1998,1990
1182,S_RES_1183_1998,0,1,0,0,0,0,0,0,0,1,1,0,0,1998,1990
1183,S_RES_1184_1998,0,1,0,0,0,0,0,0,0,0,1,0,0,1998,1990
1184,S_RES_1185_1998,1,1,0,0,0,0,0,0,0,0,1,0,0,1998,1990
1185,S_RES_1186_1998,1,1,0,0,0,0,0,0,0,0,0,0,0,1998,1990
1186,S_RES_1187_1998,1,1,0,0,0,0,0,0,1,0,1,0,0,1998,1990
1187,S_RES_1188_1998,1,0,0,0,0,0,0,0,0,0,1,0,0,1998,1990
1188,S_RES_1189_1998,0,1,0,0,0,0,0,1,0,0,0,1,0,1998,1990
1189,S_RES_1190_1998,1,1,0,0,0,0,0,0,1,0,1,0,0,1998,1990
1190,S_RES_1191_1998,0,0,0,0,0,0,0,0,0,0,0,0,0,1998,1990
1191,S_RES_1192_1998,1,1,0,1,0,0,0,0,1,0,1,0,0,1998,1990
1192,S_RES_1193_1998,0,1,0,0,0,0,0,1,1,0,1,1,0,1998,1990
1193,S_RES_1194_1998,1,1,0,1,0,0,0,0,1,0,0,0,0,1998,1990
1194,S_RES_1195_1998,1,1,0,0,0,0,0,0,1,0,0,0,0,1998,1990
1195,S_RES_1196_1998,0,1,0,0,0,0,0,1,0,0,1,1,0,1998,1990
1196,S_RES_1197_1998,0,1,0,0,0,0,0,1,0,0,1,1,0,1998,1990
1197,S_RES_1198_1998,1,1,0,0,0,0,0,0,0,0,1,0,0,1998,1990
1198,S_RES_1199_1998,1,1,0,1,0,0,0,1,1,0,1,0,1,1998,1990
1199,S_RES_1200_1998,0,0,0,0,0,0,0,0,0,0,0,0,0,1998,1990
1200,S_RES_1201_1998,1,1,0,0,0,0,0,0,0,0,1,0,0,1998,1990
1201,S_RES_1202_1998,1,1,0,0,0,0,0,0,1,0,1,0,0,1998,1990
1202,S_RES_1203_1998,1,1,0,1,0,0,0,1,1,0,1,1,1,1998,1990
1203,S_RES_1204_1998,1,1,0,0,0,0,0,0,0,0,1,0,0,1998,1990
1204,S_RES_1205_1998,1,0,0,1,0,0,0,1,1,0,0,1,0,1998,1990
1205,S_RES_1206_1998,1,1,0,0,0,0,0,0,0,0,1,0,0,1998,1990
1206,S_RES_1207_1998,0,1,0,1,0,0,0,0,1,0,1,0,0,1998,1990
1207,S_RES_1208_1998,0,1,0,0,0,0,0,1,0,0,1,1,0,1998,1990
1208,S_RES_1209_1998,0,1,0,0,0,0,0,1,0,1,1,1,0,1998,1990
1209,S_RES_1210_1998,1,1,0,1,0,0,0,0,0,0,1,0,0,1998,1990
1210,S_RES_1211_1998,1,0,0,0,0,0,0,0,0,0,0,0,0,1998,1990
1211,S_RES_1212_1998,1,1,0,0,0,0,0,0,0,0,1,0,0,1998,1990
1212,S_RES_1213_1998,1,1,0,0,0,0,0,0,1,0,1,0,0,1998,1990
1213,S_RES_1214_1998,0,1,0,0,0,0,0,1,1,0,0,1,0,1998,1990
1214,S_RES_1215_1998,1,1,0,0,0,0,0,0,0,0,1,0,0,1998,1990
1215,S_RES_1216_1998,1,1,0,0,0,0,0,0,0,0,1,0,0,1998,1990
1216,S_RES_1217_1998,1,1,0,0,0,0,0,0,0,0,1,0,0,1998,1990
1217,S_RES_1218_1998,0,1,0,0,0,0,0,0,0,0,1,0,0,1998,1990
1218,S_RES_1219_1998,0,1,0,1,0,0,0,0,1,0,0,0,0,1998,1990
1219,S_RES_1220_1999,1,1,0,0,0,0,0,0,0,0,1,0,0,1999,1990
1220,S_RES_1221_1999,0,1,0,1,0,0,0,0,1,0,1,0,0,1999,1990
1221,S_RES_1222_1999,0,1,0,0,0,0,0,0,0,1,1,0,0,1999,1990
1222,S_RES_1223_1999,1,0,0,0,0,0,0,0,0,0,1,0,0,1999,1990
1223,S_RES_1224_1999,1,1,0,0,0,0,0,0,0,0,1,0,0,1999,1990
1224,S_RES_1225_1999,1,1,0,0,0,0,0,0,1,0,1,0,0,1999,1990
1225,S_RES_1226_1999,0,1,0,0,0,0,0,0,0,0,0,0,0,1999,1990
1226,S_RES_1227_1999,0,1,0,0,0,0,0,1,1,0,0,0,1,1999,1990
1227,S_RES_1228_1999,1,1,0,0,0,0,0,0,0,0,1,0,0,1999,1990
1228,S_RES_1229_1999,1,1,0,0,0,0,0,0,0,0,1,0,0,1999,1990
1229,S_RES_1230_1999,1,1,0,0,0,0,0,0,0,1,1,0,0,1999,1990
1230,S_RES_1231_1999,1,1,0,0,0,0,0,0,0,0,1,0,0,1999,1990
1231,S_RES_1232_1999,1,1,0,0,0,0,0,0,0,0,1,0,0,1999,1990
1232,S_RES_1233_1999,0,1,0,0,0,0,0,0,0,0,1,0,0,1999,1990
1233,S_RES_1234_1999,0,1,0,0,0,0,0,1,1,0,1,0,1,1999,1990
1234,S_RES_1235_1999,1,1,0,0,0,0,0,0,0,0,1,0,0,1999,1990
1235,S_RES_1236_1999,0,1,0,0,0,0,0,0,0,0,1,0,0,1999,1990
1236,S_RES_1237_1999,1,1,0,1,0,0,0,1,0,0,1,1,1,1999,1990
1237,S_RES_1238_1999,1,1,0,0,0,0,0,0,0,0,1,0,0,1999,1990
1238,S_RES_1239_1999,0,1,0,0,0,0,0,0,0,0,0,0,0,1999,1990
1239,S_RES_1240_1999,1,1,0,0,0,0,0,0,0,0,1,0,0,1999,1990
1240,S_RES_1241_1999,0,0,0,0,0,0,0,0,0,0,0,0,0,1999,1990
1241,S_RES_1242_1999,1,1,0,1,0,0,0,0,0,0,1,0,0,1999,1990
1242,S_RES_1243_1999,1,0,0,0,0,0,0,0,0,0,0,0,0,1999,1990
1243,S_RES_1244_1999,1,1,0,1,0,0,0,1,1,1,1,1,1,1999,1990
1244,S_RES_1245_1999,1,1,0,0,0,0,0,0,0,0,1,0,0,1999,1990
1245,S_RES_1246_1999,1,1,0,0,0,0,0,0,0,1,1,0,0,1999,1990
1246,S_RES_1247_1999,1,1,0,1,0,0,0,1,1,1,1,1,1,1999,1990
1247,S_RES_1248_1999,0,0,0,0,0,0,0,0,0,0,0,0,0,1999,1990
1248,S_RES_1249_1999,0,0,0,0,0,0,0,0,0,0,0,0,0,1999,1990
1249,S_RES_1250_1999,0,1,0,0,0,0,0,0,0,0,1,0,0,1999,1990
1250,S_RES_1251_1999,1,1,0,0,0,0,0,0,0,0,1,0,0,1999,1990
1251,S_RES_1252_1999,0,1,0,0,0,0,0,0,0,1,1,0,0,1999,1990
1252,S_RES_1253_1999,0,0,0,0,0,0,0,0,0,0,0,0,0,1999,1990
1253,S_RES_1254_1999,1,0,0,0,0,0,0,0,0,0,1,0,0,1999,1990
1254,S_RES_1255_1999,1,1,0,0,0,0,0,0,1,0,1,0,0,1999,1990
1255,S_RES_1256_1999,0,0,0,0,0,0,0,0,0,0,0,0,0,1999,1990
1256,S_RES_1257_1999,1,1,0,0,0,0,0,0,0,0,0,0,0,1999,1990
1257,S_RES_1258_1999,0,1,0,0,0,0,0,1,0,1,1,1,0,1999,1990
1258,S_RES_1259_1999,0,0,0,0,0,0,0,0,0,0,0,0,0,1999,1990
1259,S_RES_1260_1999,1,1,0,0,0,0,0,0,0,1,1,0,0,1999,1990
1260,S_RES_1261_1999,0,1,0,0,0,0,1,0,0,0,1,0,0,1999,1990
1261,S_RES_1262_1999,1,1,0,0,0,0,0,0,0,0,0,0,0,1999,1990
1262,S_RES_1263_1999,1,0,0,0,0,0,0,0,0,0,1,0,0,1999,1990
1263,S_RES_1264_1999,0,1,0,1,0,0,0,1,1,1,1,0,1,1999,1990
1264,S_RES_1265_1999,1,1,0,0,0,0,1,1,0,0,1,1,0,1999,1990
1265,S_RES_1266_1999,1,1,0,1,0,0,0,0,0,0,0,0,0,1999,1990
1266,S_RES_1267_1999,1,1,0,1,0,0,0,1,1,0,1,1,1,1999,1990
1267,S_RES_1268_1999,1,1,0,0,0,0,0,0,0,1,1,0,0,1999,1990
1268,S_RES_1269_1999,1,0,0,0,0,0,0,1,0,0,1,1,1,1999,1990
1269,S_RES_1270_1999,1,1,0,1,0,0,0,1,0,0,1,1,1,1999,1990
1270,S_RES_1271_1999,1,1,0,0,0,0,0,0,0,0,1,0,0,1999,1990
1271,S_RES_1272_1999,1,1,0,1,0,0,0,1,1,1,1,0,1,1999,1990
1272,S_RES_1273_1999,1,1,0,0,0,0,0,0,0,0,1,0,0,1999,1990
1273,S_RES_1274_1999,1,1,0,0,0,0,0,0,0,0,1,0,0,1999,1990
1274,S_RES_1275_1999,1,1,0,1,0,0,0,0,0,0,0,0,0,1999,1990
1275,S_RES_1276_1999,1,0,0,0,0,0,0,0,0,0,0,0,0,1999,1990
1276,S_RES_1277_1999,1,1,0,0,0,0,0,0,0,0,1,0,0,1999,1990
1277,S_RES_1278_1999,1,0,0,0,0,0,0,0,0,0,0,0,0,1999,1990
1278,S_RES_1279_1999,1,1,0,0,0,0,0,1,0,0,1,1,0,1999,1990
1279,S_RES_1280_1999,1,1,0,1,0,0,0,0,0,0,0,0,0,1999,1990
1280,S_RES_1281_1999,1,1,0,1,0,0,0,0,0,0,1,0,0,1999,1990
1281,S_RES_1282_1999,1,1,0,0,0,0,0,0,0,0,0,0,0,1999,1990
1282,S_RES_1283_1999,1,1,0,0,0,0,0,0,0,0,1,0,0,1999,1990
1283,S_RES_1284_1999,1,1,0,1,0,0,0,0,0,1,1,0,0,1999,1990
1284,S_RES_1285_2000,0,1,0,0,0,0,0,0,0,1,1,0,0,2000,2000
1285,S_RES_1286_2000,0,1,0,0,0,0,0,0,0,0,0,0,0,2000,2000
1286,S_RES_1287_2000,1,1,0,0,0,0,0,0,1,0,1,0,0,2000,2000
1287,S_RES_1288_2000,1,0,0,0,0,0,0,0,0,0,1,0,0,2000,2000
1288,S_RES_1289_2000,1,1,0,1,0,0,0,1,0,1,1,1,1,2000,2000
1289,S_RES_1290_2000,0,0,0,0,0,0,0,0,0,0,0,0,0,2000,2000
1290,S_RES_1291_2000,1,1,0,1,0,0,0,1,0,1,1,1,1,2000,2000
1291,S_RES_1292_2000,1,1,0,0,0,0,0,0,0,0,1,0,0,2000,2000
1292,S_RES_1293_2000,1,1,0,1,0,0,0,0,0,0,0,0,0,2000,2000
1293,S_RES_1294_2000,0,1,0,0,0,0,0,0,0,0,1,0,0,2000,2000
1294,S_RES_1295_2000,0,1,0,1,0,0,1,1,0,0,1,1,1,2000,2000
1295,S_RES_1296_2000,0,1,0,0,0,0,0,1,0,0,1,1,1,2000,2000
1296,S_RES_1297_2000,0,1,0,0,0,0,0,1,1,0,1,0,1,2000,2000
1297,S_RES_1298_2000,1,1,0,1,0,0,0,1,1,0,1,0,1,2000,2000
1298,S_RES_1299_2000,1,1,0,1,0,0,0,0,0,0,0,0,0,2000,2000
1299,S_RES_1300_2000,1,0,0,0,0,0,0,0,0,0,0,0,0,2000,2000
1300,S_RES_1301_2000,1,1,0,0,0,0,0,0,0,0,1,0,0,2000,2000
1301,S_RES_1302_2000,1,1,0,1,0,0,0,0,0,0,1,0,0,2000,2000
1302,S_RES_1303_2000,1,1,0,0,0,0,0,0,0,0,1,0,0,2000,2000
1303,S_RES_1304_2000,0,1,0,1,0,0,0,1,1,0,1,1,1,2000,2000
1304,S_RES_1305_2000,1,1,0,1,0,0,0,1,1,1,1,1,1,2000,2000
1305,S_RES_1306_2000,1,1,0,1,0,0,0,1,0,0,1,1,1,2000,2000
1306,S_RES_1307_2000,0,1,0,0,0,0,0,0,0,1,1,0,0,2000,2000
1307,S_RES_1308_2000,0,0,0,0,0,0,0,1,0,0,1,1,0,2000,2000
1308,S_RES_1309_2000,1,1,0,0,0,0,0,0,0,0,1,0,0,2000,2000
1309,S_RES_1310_2000,1,0,0,0,0,0,0,0,0,0,1,0,0,2000,2000
1310,S_RES_1311_2000,1,1,0,0,0,0,0,0,1,0,1,0,0,2000,2000
1311,S_RES_1312_2000,1,1,0,0,0,0,0,0,0,0,1,0,0,2000,2000
1312,S_RES_1313_2000,1,1,0,0,0,0,0,0,0,0,1,0,0,2000,2000
1313,S_RES_1314_2000,0,1,0,0,0,0,1,1,0,0,1,1,1,2000,2000
1314,S_RES_1315_2000,0,1,0,0,0,0,0,1,0,0,1,1,1,2000,2000
1315,S_RES_1316_2000,1,1,0,0,0,0,0,0,0,0,1,0,0,2000,2000
1316,S_RES_1317_2000,1,1,0,0,0,0,0,0,0,0,0,0,0,2000,2000
1317,S_RES_1318_2000,1,0,0,0,0,0,0,1,0,0,0,1,0,2000,2000
1318,S_RES_1319_2000,0,1,0,0,0,0,0,0,0,0,1,0,0,2000,2000
1319,S_RES_1320_2000,1,1,0,1,0,0,0,0,0,1,1,0,0,2000,2000
1320,S_RES_1321_2000,1,1,0,0,0,0,0,0,0,0,0,0,0,2000,2000
1321,S_RES_1322_2000,1,0,0,0,0,0,0,0,0,0,0,0,0,2000,2000
1322,S_RES_1323_2000,1,1,0,0,0,0,0,0,0,0,0,0,0,2000,2000
1323,S_RES_1324_2000,1,1,0,0,0,0,0,0,0,0,1,0,0,2000,2000
1324,S_RES_1325_2000,0,1,0,0,0,0,1,1,0,0,1,1,0,2000,2000
1325,S_RES_1326_2000,0,0,0,0,0,0,0,0,0,0,0,0,0,2000,2000
1326,S_RES_1327_2000,1,1,0,0,0,0,0,0,0,0,0,0,0,2000,2000
1327,S_RES_1328_2000,1,0,0,0,0,0,0,0,0,0,1,0,0,2000,2000
1328,S_RES_1329_2000,1,1,0,1,0,0,0,0,0,0,1,0,0,2000,2000
1329,S_RES_1330_2000,1,1,0,1,0,0,0,0,0,0,1,0,0,2000,2000
1330,S_RES_1331_2000,1,1,0,0,0,0,0,0,0,0,1,0,0,2000,2000
1331,S_RES_1332_2000,1,1,0,0,0,0,0,0,1,0,1,0,0,2000,2000
1332,S_RES_1333_2000,1,1,0,1,0,0,0,1,1,0,1,1,1,2000,2000
1333,S_RES_1334_2000,1,1,0,0,0,0,0,0,0,0,0,0,0,2000,2000
1334,S_RES_1335_2001,0,1,0,0,0,0,0,0,0,1,1,0,0,2001,2000
1335,S_RES_1336_2001,1,1,0,1,0,0,0,1,0,0,1,1,1,2001,2000
1336,S_RES_1337_2001,1,0,0,0,0,0,0,0,0,0,1,0,0,2001,2000
1337,S_RES_1338_2001,1,1,0,0,0,0,0,0,0,0,1,0,0,2001,2000
1338,S_RES_1339_2001,1,1,0,0,0,0,0,0,0,0,1,0,0,2001,2000
1339,S_RES_1340_2001,0,0,0,0,0,0,0,0,0,0,0,0,0,2001,2000
1340,S_RES_1341_2001,0,1,0,1,0,0,0,1,1,0,1,1,1,2001,2000
1341,S_RES_1342_2001,1,1,0,0,0,0,0,0,0,0,1,0,0,2001,2000
1342,S_RES_1343_2001,1,1,0,1,0,0,0,1,1,0,1,1,1,2001,2000
1343,S_RES_1344_2001,1,1,0,0,0,0,0,0,0,0,0,0,0,2001,2000
1344,S_RES_1345_2001,1,0,0,0,0,0,0,0,1,0,0,0,0,2001,2000
1345,S_RES_1346_2001,1,1,0,0,0,0,0,0,1,0,1,0,0,2001,2000
1346,S_RES_1347_2001,0,0,0,0,0,0,0,0,0,0,0,0,0,2001,2000
1347,S_RES_1348_2001,1,1,0,1,0,0,0,1,0,0,1,1,1,2001,2000
1348,S_RES_1349_2001,1,1,0,0,0,0,0,0,0,0,1,0,0,2001,2000
1349,S_RES_1350_2001,0,0,0,0,0,0,0,0,0,0,0,0,0,2001,2000
1350,S_RES_1351_2001,1,0,0,0,0,0,0,0,0,0,1,0,0,2001,2000
1351,S_RES_1352_2001,1,1,0,1,0,0,0,0,0,0,0,0,0,2001,2000
1352,S_RES_1353_2001,0,1,0,0,0,0,0,1,0,0,1,1,0,2001,2000
1353,S_RES_1354_2001,1,1,0,0,0,0,0,0,0,0,1,0,0,2001,2000
1354,S_RES_1355_2001,1,1,0,1,0,0,0,1,1,1,1,1,1,2001,2000
1355,S_RES_1356_2001,1,1,0,1,0,0,0,0,0,0,1,0,0,2001,2000
1356,S_RES_1357_2001,1,1,0,1,0,0,0,1,1,1,1,1,1,2001,2000
1357,S_RES_1358_2001,0,0,0,0,0,0,0,0,0,0,0,0,0,2001,2000
1358,S_RES_1359_2001,1,1,0,0,0,0,0,0,0,0,1,0,0,2001,2000
1359,S_RES_1360_2001,1,1,0,1,0,0,0,0,0,0,1,0,0,2001,2000
1360,S_RES_1361_2001,1,0,0,0,0,0,0,0,0,0,0,0,0,2001,2000
1361,S_RES_1362_2001,0,1,0,0,0,0,0,0,0,1,1,0,0,2001,2000
1362,S_RES_1363_2001,1,1,0,1,0,0,0,1,0,0,1,1,1,2001,2000
1363,S_RES_1364_2001,1,1,0,0,0,0,0,1,0,0,1,0,1,2001,2000
1364,S_RES_1365_2001,1,0,0,0,0,0,0,1,0,0,1,1,0,2001,2000
1365,S_RES_1366_2001,1,1,0,0,0,0,0,1,0,0,1,1,1,2001,2000
1366,S_RES_1367_2001,1,0,0,1,0,0,0,0,0,0,0,0,0,2001,2000
1367,S_RES_1368_2001,0,1,0,0,0,0,0,1,0,0,0,1,1,2001,2000
1368,S_RES_1369_2001,1,1,0,0,0,0,0,0,0,0,0,0,0,2001,2000
1369,S_RES_1370_2001,1,1,0,0,0,0,0,0,1,0,1,0,0,2001,2000
1370,S_RES_1371_2001,0,1,0,0,0,0,0,0,1,0,0,0,0,2001,2000
1371,S_RES_1372_2001,1,0,0,1,0,0,0,0,0,0,0,0,0,2001,2000
1372,S_RES_1373_2001,1,0,0,1,0,0,0,1,0,0,0,1,1,2001,2000
1373,S_RES_1374_2001,1,1,0,1,0,0,0,1,0,0,1,1,1,2001,2000
1374,S_RES_1375_2001,0,1,0,0,0,0,0,0,0,0,1,0,0,2001,2000
1375,S_RES_1376_2001,0,1,0,0,0,0,0,1,1,0,1,1,1,2001,2000
1376,S_RES_1377_2001,1,0,0,0,0,0,0,0,0,0,0,0,0,2001,2000
1377,S_RES_1378_2001,0,1,0,0,0,0,0,0,0,0,0,0,0,2001,2000
1378,S_RES_1379_2001,0,1,0,0,0,0,1,1,0,0,1,1,0,2001,2000
1379,S_RES_1380_2001,1,1,0,0,0,0,0,0,0,0,1,0,0,2001,2000
1380,S_RES_1381_2001,1,0,0,0,0,0,0,0,0,0,1,0,0,2001,2000
1381,S_RES_1382_2001,1,1,0,1,0,0,0,0,0,0,0,0,0,2001,2000
1382,S_RES_1383_2001,0,1,0,0,0,0,0,0,0,0,0,0,0,2001,2000
1383,S_RES_1384_2001,1,1,0,0,0,0,0,0,0,0,1,0,0,2001,2000
1384,S_RES_1385_2001,1,1,0,1,0,0,0,1,0,0,1,1,1,2001,2000
1385,S_RES_1386_2001,0,1,0,1,0,0,0,1,0,1,1,1,1,2001,2000
1386,S_RES_1387_2002,0,1,0,0,0,0,0,0,0,1,1,0,0,2002,2000
1387,S_RES_1388_2002,1,1,0,1,0,0,0,0,0,0,0,0,0,2002,2000
1388,S_RES_1389_2002,1,1,0,1,0,0,0,1,0,1,0,1,1,2002,2000
1389,S_RES_1390_2002,1,1,0,1,0,0,0,1,0,0,1,1,1,2002,2000
1390,S_RES_1391_2002,1,0,0,0,0,0,0,1,0,0,1,1,0,2002,2000
1391,S_RES_1392_2002,1,1,0,0,0,0,0,0,0,0,0,0,0,2002,2000
1392,S_RES_1393_2002,1,1,0,0,0,0,0,0,1,0,1,0,0,2002,2000
1393,S_RES_1394_2002,1,1,0,0,0,0,0,0,0,0,1,0,0,2002,2000
1394,S_RES_1395_2002,1,1,0,0,0,0,0,0,0,0,1,0,0,2002,2000
1395,S_RES_1396_2002,0,1,0,0,0,0,0,0,0,0,0,0,0,2002,2000
1396,S_RES_1397_2002,0,1,0,0,0,0,0,0,1,0,0,0,0,2002,2000
1397,S_RES_1398_2002,1,1,0,0,0,0,0,0,0,0,0,0,0,2002,2000
1398,S_RES_1399_2002,0,1,0,0,0,0,0,1,1,0,0,1,1,2002,2000
1399,S_RES_1400_2002,1,1,0,0,0,0,0,1,1,0,1,0,1,2002,2000
1400,S_RES_1401_2002,0,1,0,0,0,0,0,0,0,0,1,0,0,2002,2000
1401,S_RES_1402_2002,0,1,0,0,0,0,0,0,0,0,0,0,0,2002,2000
1402,S_RES_1403_2002,0,1,0,0,0,0,0,0,1,0,1,0,0,2002,2000
1403,S_RES_1404_2002,1,1,0,1,0,0,0,1,0,0,1,1,1,2002,2000
1404,S_RES_1405_2002,0,1,0,0,0,0,0,0,0,0,1,0,0,2002,2000
1405,S_RES_1406_2002,1,1,0,0,0,0,0,0,0,0,0,0,0,2002,2000
1406,S_RES_1407_2002,0,1,0,1,0,0,0,0,0,0,1,0,0,2002,2000
1407,S_RES_1408_2002,1,1,0,1,0,0,0,1,1,0,1,1,1,2002,2000
1408,S_RES_1409_2002,1,1,0,1,0,0,0,0,0,1,1,0,0,2002,2000
1409,S_RES_1410_2002,1,1,0,1,0,0,0,0,0,1,1,0,0,2002,2000
1410,S_RES_1411_2002,1,1,0,1,0,0,0,0,0,0,0,0,0,2002,2000
1411,S_RES_1412_2002,1,1,0,1,0,0,0,0,0,0,0,0,0,2002,2000
1412,S_RES_1413_2002,1,1,0,1,0,0,0,1,0,1,1,1,1,2002,2000
1413,S_RES_1414_2002,0,0,0,0,0,0,0,0,0,0,0,0,0,2002,2000
1414,S_RES_1415_2002,1,0,0,0,0,0,0,0,0,0,1,0,0,2002,2000
1415,S_RES_1416_2002,1,1,0,0,0,0,0,0,0,0,1,0,0,2002,2000
1416,S_RES_1417_2002,1,1,0,0,0,0,0,1,1,0,1,1,1,2002,2000
1417,S_RES_1418_2002,1,1,0,1,0,0,0,0,0,0,0,0,0,2002,2000
1418,S_RES_1419_2002,0,1,0,0,0,0,0,0,0,0,0,0,0,2002,2000
1419,S_RES_1420_2002,1,1,0,1,0,0,0,0,0,0,0,0,0,2002,2000
1420,S_RES_1421_2002,1,1,0,1,0,0,0,0,0,0,0,0,0,2002,2000
1421,S_RES_1422_2002,1,1,0,1,0,0,0,1,0,0,1,1,0,2002,2000
1422,S_RES_1423_2002,1,1,0,1,0,0,0,1,1,1,1,1,1,2002,2000
1423,S_RES_1424_2002,0,1,0,0,0,0,0,0,0,1,1,0,0,2002,2000
1424,S_RES_1425_2002,1,1,0,1,0,0,0,0,0,0,1,0,0,2002,2000
1425,S_RES_1426_2002,0,0,0,0,0,0,0,0,0,0,0,0,0,2002,2000
1426,S_RES_1427_2002,1,1,0,0,0,0,0,0,1,0,1,0,0,2002,2000
1427,S_RES_1428_2002,1,0,0,0,0,0,0,1,0,0,1,1,0,2002,2000
1428,S_RES_1429_2002,1,1,0,0,0,0,0,0,0,0,1,0,0,2002,2000
1429,S_RES_1430_2002,1,1,0,0,0,0,0,0,1,0,0,0,0,2002,2000
1430,S_RES_1431_2002,1,1,0,1,0,0,0,0,0,0,1,0,0,2002,2000
1431,S_RES_1432_2002,1,1,0,1,0,0,0,0,0,0,0,0,0,2002,2000
1432,S_RES_1433_2002,0,1,0,0,0,0,0,0,0,1,1,0,0,2002,2000
1433,S_RES_1434_2002,1,1,0,0,0,0,0,0,0,0,0,0,0,2002,2000
1434,S_RES_1435_2002,0,1,0,0,0,0,0,0,1,0,0,0,0,2002,2000
1435,S_RES_1436_2002,1,1,0,0,0,0,0,0,1,0,1,0,0,2002,2000
1436,S_RES_1437_2002,0,1,0,0,0,0,0,0,0,1,1,0,0,2002,2000
1437,S_RES_1438_2002,0,0,0,0,0,0,0,1,0,0,0,1,1,2002,2000
1438,S_RES_1439_2002,1,1,0,1,0,0,0,0,0,0,1,0,0,2002,2000
1439,S_RES_1440_2002,0,0,0,0,0,0,0,1,1,0,0,1,1,2002,2000
1440,S_RES_1441_2002,1,1,0,1,0,0,0,1,1,0,1,1,0,2002,2000
1441,S_RES_1442_2002,1,1,0,0,0,0,0,0,0,0,1,0,0,2002,2000
1442,S_RES_1443_2002,1,1,0,1,0,0,0,0,0,0,0,0,0,2002,2000
1443,S_RES_1444_2002,1,1,0,1,0,0,0,1,0,1,1,1,1,2002,2000
1444,S_RES_1445_2002,0,1,0,0,0,0,0,1,1,1,1,1,1,2002,2000
1445,S_RES_1446_2002,1,1,0,1,0,0,0,1,0,0,1,1,1,2002,2000
1446,S_RES_1447_2002,1,1,0,1,0,0,0,0,0,0,1,0,0,2002,2000
1447,S_RES_1448_2002,1,0,0,1,0,0,0,0,0,0,0,0,0,2002,2000
1448,S_RES_1449_2002,0,0,0,0,0,0,0,0,0,0,0,0,0,2002,2000
1449,S_RES_1450_2002,0,0,0,0,0,0,0,1,0,0,0,1,1,2002,2000
1450,S_RES_1451_2002,1,0,0,0,0,0,0,0,0,0,1,0,0,2002,2000
1451,S_RES_1452_2002,1,1,0,1,0,0,0,0,0,0,1,0,0,2002,2000
1452,S_RES_1453_2002,0,1,0,0,0,0,0,0,0,0,1,0,0,2002,2000
1453,S_RES_1454_2002,1,1,0,1,0,0,0,0,0,0,1,0,0,2002,2000
1454,S_RES_1455_2003,1,1,0,1,0,0,0,1,0,0,1,1,1,2003,2000
1455,S_RES_1456_2003,1,0,0,0,0,0,0,0,0,0,0,0,0,2003,2000
1456,S_RES_1457_2003,0,1,0,0,0,0,0,1,1,0,1,0,1,2003,2000
1457,S_RES_1458_2003,1,1,0,0,0,0,0,0,1,0,1,0,0,2003,2000
1458,S_RES_1459_2003,0,0,0,0,0,0,0,1,0,0,0,1,0,2003,2000
1459,S_RES_1460_2003,0,1,0,0,0,0,0,1,0,0,1,1,0,2003,2000
1460,S_RES_1461_2003,1,0,0,0,0,0,0,1,0,0,1,1,0,2003,2000
1461,S_RES_1462_2003,1,1,0,0,0,0,0,0,0,0,1,0,0,2003,2000
1462,S_RES_1463_2003,1,1,0,0,0,0,0,0,0,0,1,0,0,2003,2000
1463,S_RES_1464_2003,0,1,0,1,0,0,0,1,0,0,1,1,1,2003,2000
1464,S_RES_1465_2003,0,0,0,0,0,0,0,1,0,0,0,1,1,2003,2000
1465,S_RES_1466_2003,1,1,0,0,0,0,0,0,1,0,0,0,0,2003,2000
1466,S_RES_1467_2003,1,0,0,0,0,0,0,1,0,0,0,0,1,2003,2000
1467,S_RES_1468_2003,0,1,0,0,0,0,0,1,1,0,1,1,1,2003,2000
1468,S_RES_1469_2003,1,1,0,0,0,0,0,0,0,0,1,0,0,2003,2000
1469,S_RES_1470_2003,1,1,0,0,0,0,0,0,1,0,1,0,0,2003,2000
1470,S_RES_1471_2003,1,1,0,0,0,0,0,0,0,0,1,0,0,2003,2000
1471,S_RES_1472_2003,1,1,0,1,0,0,0,0,0,1,1,0,0,2003,2000
1472,S_RES_1473_2003,1,1,0,0,0,0,0,0,0,0,1,0,0,2003,2000
1473,S_RES_1474_2003,1,1,0,1,0,0,0,1,0,0,1,1,1,2003,2000
1474,S_RES_1475_2003,0,1,0,0,0,0,0,0,0,0,0,0,0,2003,2000
1475,S_RES_1476_2003,1,1,0,1,0,0,0,0,0,0,0,0,0,2003,2000
1476,S_RES_1477_2003,0,0,0,0,0,0,0,0,0,0,0,0,0,2003,2000
1477,S_RES_1478_2003,1,1,0,1,0,0,0,1,1,0,1,1,1,2003,2000
1478,S_RES_1479_2003,1,1,0,0,0,0,0,1,1,0,1,1,1,2003,2000
1479,S_RES_1480_2003,1,1,0,0,0,0,0,0,0,0,0,0,0,2003,2000
1480,S_RES_1481_2003,1,1,0,1,0,0,0,0,0,0,0,0,0,2003,2000
1481,S_RES_1482_2003,1,0,0,0,0,0,0,0,0,0,1,0,0,2003,2000
1482,S_RES_1483_2003,1,0,0,1,0,0,0,1,0,0,1,1,1,2003,2000
1483,S_RES_1484_2003,0,1,0,1,0,0,0,1,1,1,1,0,1,2003,2000
1484,S_RES_1485_2003,1,1,0,0,0,0,0,0,0,0,0,0,0,2003,2000
1485,S_RES_1486_2003,1,1,0,0,0,0,0,0,0,0,1,0,0,2003,2000
1486,S_RES_1487_2003,1,1,0,1,0,0,0,1,0,0,1,1,0,2003,2000
1487,S_RES_1488_2003,1,0,0,0,0,0,0,0,0,0,1,0,0,2003,2000
1488,S_RES_1489_2003,1,1,0,0,0,0,0,0,0,0,0,0,0,2003,2000
1489,S_RES_1490_2003,1,1,0,1,0,0,0,0,0,0,1,0,0,2003,2000
1490,S_RES_1491_2003,0,1,0,1,0,0,0,1,1,1,1,1,1,2003,2000
1491,S_RES_1492_2003,1,1,0,0,0,0,0,0,0,0,1,0,0,2003,2000
1492,S_RES_1493_2003,1,1,0,1,0,0,0,1,1,1,1,1,1,2003,2000
1493,S_RES_1494_2003,1,1,0,0,0,0,0,0,0,0,1,0,0,2003,2000
1494,S_RES_1495_2003,1,1,0,0,0,0,0,0,0,0,1,0,0,2003,2000
1495,S_RES_1496_2003,1,0,0,0,0,0,0,1,0,0,1,1,0,2003,2000
1496,S_RES_1497_2003,1,1,0,1,0,0,0,1,1,1,1,1,1,2003,2000
1497,S_RES_1498_2003,1,1,0,0,0,0,0,0,0,0,1,0,0,2003,2000
1498,S_RES_1499_2003,0,1,0,0,0,0,0,0,0,0,1,0,0,2003,2000
1499,S_RES_1500_2003,1,0,0,0,0,0,0,0,0,0,0,0,0,2003,2000
1500,S_RES_1501_2003,0,1,0,1,0,0,0,1,0,1,0,1,1,2003,2000
1501,S_RES_1502_2003,0,0,0,0,0,0,0,1,0,0,1,1,0,2003,2000
1502,S_RES_1503_2003,1,1,0,1,0,0,0,0,0,0,1,0,0,2003,2000
1503,S_RES_1504_2003,0,0,0,0,0,0,0,0,0,0,0,0,0,2003,2000
1504,S_RES_1505_2003,0,0,0,0,0,0,0,0,0,0,0,0,0,2003,2000
1505,S_RES_1506_2003,1,0,0,1,0,0,0,0,0,0,0,0,0,2003,2000
1506,S_RES_1507_2003,1,1,0,0,0,0,0,0,0,0,0,0,0,2003,2000
1507,S_RES_1508_2003,1,1,0,0,0,0,0,0,0,0,0,0,0,2003,2000
1508,S_RES_1509_2003,1,1,0,1,0,0,0,1,1,0,1,1,1,2003,2000
1509,S_RES_1510_2003,1,1,0,1,0,0,0,1,0,1,1,1,1,2003,2000
1510,S_RES_1511_2003,1,1,0,1,0,0,0,1,0,1,1,1,1,2003,2000
1511,S_RES_1512_2003,1,1,0,1,0,0,0,0,0,0,0,0,0,2003,2000
1512,S_RES_1513_2003,1,1,0,0,0,0,0,0,0,0,1,0,0,2003,2000
1513,S_RES_1514_2003,1,1,0,0,0,0,0,1,0,0,1,1,1,2003,2000
1514,S_RES_1515_2003,0,1,0,0,0,0,0,0,0,0,0,0,0,2003,2000
1515,S_RES_1516_2003,0,0,0,0,0,0,0,1,0,0,0,1,1,2003,2000
1516,S_RES_1517_2003,1,1,0,0,0,0,0,0,0,0,1,0,0,2003,2000
1517,S_RES_1518_2003,1,1,0,1,0,0,0,1,0,0,0,1,1,2003,2000
1518,S_RES_1519_2003,0,1,0,1,0,0,0,1,0,0,1,1,1,2003,2000
1519,S_RES_1520_2003,1,0,0,0,0,0,0,0,0,0,1,0,0,2003,2000
1520,S_RES_1521_2003,1,1,0,1,0,0,0,1,1,0,1,1,1,2003,2000
1521,S_RES_1522_2004,1,1,0,0,0,0,0,0,0,0,0,0,0,2004,2000
1522,S_RES_1523_2004,1,1,0,0,0,0,0,0,0,0,1,0,0,2004,2000
1523,S_RES_1524_2004,1,1,0,0,0,0,0,0,0,0,1,0,0,2004,2000
1524,S_RES_1525_2004,1,0,0,0,0,0,0,1,0,0,1,1,0,2004,2000
1525,S_RES_1526_2004,1,1,0,1,0,0,0,1,0,0,1,1,0,2004,2000
1526,S_RES_1527_2004,1,1,0,1,0,0,0,1,0,0,1,1,1,2004,2000
1527,S_RES_1528_2004,1,1,0,1,0,0,0,1,1,1,1,1,1,2004,2000
1528,S_RES_1529_2004,0,1,0,1,0,0,0,1,1,1,1,1,1,2004,2000
1529,S_RES_1530_2004,0,0,0,0,0,0,0,1,0,0,0,1,1,2004,2000
1530,S_RES_1531_2004,1,1,0,0,0,0,0,0,0,0,1,0,0,2004,2000
1531,S_RES_1532_2004,1,1,0,1,0,0,0,1,0,0,0,1,1,2004,2000
1532,S_RES_1533_2004,1,1,0,1,0,0,0,1,0,1,1,1,1,2004,2000
1533,S_RES_1534_2004,0,1,0,1,0,0,0,0,0,0,1,0,0,2004,2000
1534,S_RES_1535_2004,1,1,0,1,0,0,0,1,0,0,1,1,0,2004,2000
1535,S_RES_1536_2004,1,1,0,0,0,0,0,0,0,0,1,0,0,2004,2000
1536,S_RES_1537_2004,1,1,0,0,0,0,0,0,0,0,1,0,0,2004,2000
1537,S_RES_1538_2004,0,1,0,0,0,0,0,0,0,0,0,0,0,2004,2000
1538,S_RES_1539_2004,1,1,0,0,0,0,0,1,0,0,1,1,0,2004,2000
1539,S_RES_1540_2004,1,1,0,1,0,0,0,1,0,0,0,1,1,2004,2000
1540,S_RES_1541_2004,1,1,0,0,0,0,0,0,0,0,1,0,0,2004,2000
1541,S_RES_1542_2004,1,1,0,1,0,0,0,1,1,1,1,1,1,2004,2000
1542,S_RES_1543_2004,1,1,0,0,0,0,0,0,0,0,1,0,0,2004,2000
1543,S_RES_1544_2004,0,1,0,0,0,0,0,0,0,0,0,0,0,2004,2000
1544,S_RES_1545_2004,1,1,0,1,0,0,0,1,1,1,1,1,1,2004,2000
1545,S_RES_1546_2004,1,1,0,1,0,0,0,1,0,0,1,1,1,2004,2000
1546,S_RES_1547_2004,0,1,0,0,0,0,0,0,0,0,1,0,0,2004,2000
1547,S_RES_1548_2004,1,1,0,0,0,0,0,0,0,0,1,0,0,2004,2000
1548,S_RES_1549_2004,1,1,0,0,0,0,0,0,0,0,1,0,0,2004,2000
1549,S_RES_1550_2004,1,0,0,0,0,0,0,0,0,0,1,0,0,2004,2000
1550,S_RES_1551_2004,1,1,0,1,0,0,0,1,1,1,1,1,1,2004,2000
1551,S_RES_1552_2004,1,1,0,1,0,0,0,1,1,0,1,1,1,2004,2000
1552,S_RES_1553_2004,1,0,0,0,0,0,0,1,0,0,1,1,0,2004,2000
1553,S_RES_1554_2004,1,1,0,0,0,0,0,0,0,0,1,0,0,2004,2000
1554,S_RES_1555_2004,1,1,0,1,0,0,0,1,0,0,1,1,1,2004,2000
1555,S_RES_1556_2004,1,1,0,1,0,0,1,1,1,0,1,1,1,2004,2000
1556,S_RES_1557_2004,1,1,0,0,0,0,0,0,0,0,0,0,0,2004,2000
1557,S_RES_1558_2004,0,1,0,1,0,0,0,1,0,0,1,1,1,2004,2000
1558,S_RES_1559_2004,1,0,0,0,0,0,0,0,0,0,1,0,0,2004,2000
1559,S_RES_1560_2004,1,1,0,0,0,0,0,0,0,0,1,0,0,2004,2000
1560,S_RES_1561_2004,1,1,0,0,0,0,0,0,0,0,1,0,0,2004,2000
1561,S_RES_1562_2004,1,1,0,1,0,0,0,1,0,1,0,1,1,2004,2000
1562,S_RES_1563_2004,1,1,0,1,0,0,0,1,0,1,1,1,1,2004,2000
1563,S_RES_1564_2004,0,1,0,1,0,0,1,1,1,0,1,1,1,2004,2000
1564,S_RES_1565_2004,1,1,0,1,0,0,0,1,1,1,1,1,1,2004,2000
1565,S_RES_1566_2004,1,1,0,1,0,0,0,1,0,0,1,1,0,2004,2000
1566,S_RES_1567_2004,0,0,0,0,0,0,0,0,0,0,0,0,0,2004,2000
1567,S_RES_1568_2004,1,1,0,0,0,0,0,0,0,0,1,0,0,2004,2000
1568,S_RES_1569_2004,1,0,0,0,0,0,0,0,0,0,0,0,0,2004,2000
1569,S_RES_1570_2004,1,1,0,0,0,0,0,0,0,0,1,0,0,2004,2000
1570,S_RES_1571_2004,1,0,0,0,0,0,0,0,0,0,0,0,0,2004,2000
1571,S_RES_1572_2004,1,1,0,1,0,0,0,1,1,1,1,1,1,2004,2000
1572,S_RES_1573_2004,1,1,0,0,0,0,0,0,0,0,1,0,0,2004,2000
1573,S_RES_1574_2004,1,1,0,0,0,0,0,1,1,0,1,1,0,2004,2000
1574,S_RES_1575_2004,0,1,0,1,0,0,0,1,1,1,1,1,1,2004,2000
1575,S_RES_1576_2004,1,1,0,1,0,0,0,1,0,0,1,1,1,2004,2000
1576,S_RES_1577_2004,1,1,0,1,0,0,0,1,0,0,1,1,1,2004,2000
1577,S_RES_1578_2004,1,0,0,0,0,0,0,0,0,0,1,0,0,2004,2000
1578,S_RES_1579_2004,1,1,0,1,0,0,0,1,1,0,1,1,1,2004,2000
1579,S_RES_1580_2004,1,1,0,0,0,0,0,0,0,0,1,0,0,2004,2000
1580,S_RES_1581_2005,1,0,0,0,0,0,0,0,0,0,0,0,0,2005,2000
1581,S_RES_1582_2005,1,1,0,0,0,0,0,0,0,0,1,0,0,2005,2000
1582,S_RES_1583_2005,1,0,0,0,0,0,0,1,0,0,1,1,0,2005,2000
1583,S_RES_1584_2005,0,1,0,1,0,0,0,1,1,1,1,1,1,2005,2000
1584,S_RES_1585_2005,1,1,0,0,0,0,0,0,0,0,0,0,0,2005,2000
1585,S_RES_1586_2005,1,1,0,0,0,0,0,0,0,0,1,0,0,2005,2000
1586,S_RES_1587_2005,0,1,0,1,0,0,0,1,0,0,1,1,1,2005,2000
1587,S_RES_1588_2005,1,1,0,0,0,0,0,0,0,0,0,0,0,2005,2000
1588,S_RES_1589_2005,1,1,0,0,0,0,0,0,0,0,1,0,0,2005,2000
1589,S_RES_1590_2005,1,1,0,1,0,0,0,1,0,0,1,1,1,2005,2000
1590,S_RES_1591_2005,1,1,0,1,0,0,1,1,1,0,0,1,1,2005,2000
1591,S_RES_1592_2005,1,1,0,1,0,0,0,1,1,0,1,1,1,2005,2000
1592,S_RES_1593_2005,1,1,0,1,0,0,0,1,0,0,0,1,1,2005,2000
1593,S_RES_1594_2005,1,1,0,1,0,0,0,1,0,0,0,1,1,2005,2000
1594,S_RES_1595_2005,1,0,0,0,0,0,0,0,0,1,1,0,0,2005,2000
1595,S_RES_1596_2005,1,1,0,1,0,0,0,1,1,1,1,1,1,2005,2000
1596,S_RES_1597_2005,1,1,0,1,0,0,0,0,0,0,0,0,0,2005,2000
1597,S_RES_1598_2005,1,1,0,0,0,0,0,0,0,0,1,0,0,2005,2000
1598,S_RES_1599_2005,1,1,0,0,0,0,0,0,0,0,1,0,0,2005,2000
1599,S_RES_1600_2005,1,1,0,1,0,0,0,1,0,0,0,1,1,2005,2000
1600,S_RES_1601_2005,1,1,0,1,0,0,0,1,0,0,0,1,1,2005,2000
1601,S_RES_1602_2005,1,1,0,1,0,0,0,1,0,0,1,1,1,2005,2000
1602,S_RES_1603_2005,1,1,0,1,0,0,0,1,1,1,1,1,1,2005,2000
1603,S_RES_1604_2005,1,1,0,0,0,0,0,0,0,0,1,0,0,2005,2000
1604,S_RES_1605_2005,1,0,0,0,0,0,0,0,0,0,1,0,0,2005,2000
1605,S_RES_1606_2005,0,1,0,0,0,0,0,0,0,0,1,0,0,2005,2000
1606,S_RES_1607_2005,1,1,0,1,0,0,0,1,0,0,1,1,1,2005,2000
1607,S_RES_1608_2005,1,1,0,1,0,0,0,1,0,0,1,1,1,2005,2000
1608,S_RES_1609_2005,1,1,0,1,0,0,0,1,0,1,1,1,1,2005,2000
1609,S_RES_1610_2005,1,1,0,1,0,0,0,1,0,0,1,1,1,2005,2000
1610,S_RES_1611_2005,0,0,0,0,0,0,0,1,0,0,0,1,1,2005,2000
1611,S_RES_1612_2005,1,1,0,0,0,0,0,1,0,0,1,1,0,2005,2000
1612,S_RES_1613_2005,0,0,0,0,0,0,0,0,0,0,0,0,0,2005,2000
1613,S_RES_1614_2005,1,0,0,0,0,0,0,1,0,0,1,1,0,2005,2000
1614,S_RES_1615_2005,1,1,0,0,0,0,0,0,0,0,1,0,0,2005,2000
1615,S_RES_1616_2005,1,1,0,1,0,0,0,1,1,0,1,1,1,2005,2000
1616,S_RES_1617_2005,1,1,0,1,0,0,0,1,0,0,1,1,0,2005,2000
1617,S_RES_1618_2005,0,1,0,0,0,0,0,1,0,0,0,1,1,2005,2000
1618,S_RES_1619_2005,1,1,0,0,0,0,0,0,0,0,0,0,0,2005,2000
1619,S_RES_1620_2005,0,1,0,0,0,0,0,0,0,0,1,0,0,2005,2000
1620,S_RES_1621_2005,0,1,0,1,0,0,0,1,0,1,1,1,1,2005,2000
1621,S_RES_1622_2005,1,1,0,0,0,0,0,0,0,0,1,0,0,2005,2000
1622,S_RES_1623_2005,1,1,0,1,0,0,0,1,0,1,1,1,1,2005,2000
1623,S_RES_1624_2005,0,1,0,0,0,0,0,1,0,0,0,1,0,2005,2000
1624,S_RES_1625_2005,1,0,0,0,0,0,0,0,0,0,0,0,0,2005,2000
1625,S_RES_1626_2005,1,1,0,1,0,0,0,1,0,1,1,1,1,2005,2000
1626,S_RES_1627_2005,1,1,0,0,0,0,0,1,0,0,1,1,1,2005,2000
1627,S_RES_1628_2005,1,1,0,1,0,0,0,1,0,0,0,1,1,2005,2000
1628,S_RES_1629_2005,1,0,0,0,0,0,0,0,0,0,0,0,0,2005,2000
1629,S_RES_1630_2005,1,1,0,1,0,0,0,1,0,0,1,1,1,2005,2000
1630,S_RES_1631_2005,0,1,0,0,0,0,0,1,0,0,1,1,0,2005,2000
1631,S_RES_1632_2005,1,1,0,1,0,0,0,1,0,0,1,1,1,2005,2000
1632,S_RES_1633_2005,0,1,0,1,0,0,0,1,1,0,1,1,1,2005,2000
1633,S_RES_1634_2005,1,1,0,0,0,0,0,0,0,0,1,0,0,2005,2000
1634,S_RES_1635_2005,1,1,0,1,0,0,0,1,0,0,1,1,1,2005,2000
1635,S_RES_1636_2005,1,1,0,1,0,0,0,1,0,0,1,1,1,2005,2000
1636,S_RES_1637_2005,1,1,0,1,0,0,0,1,0,0,1,1,1,2005,2000
1637,S_RES_1638_2005,1,1,0,1,0,0,0,1,0,0,0,1,1,2005,2000
1638,S_RES_1639_2005,0,1,0,1,0,0,0,1,1,1,1,1,1,2005,2000
1639,S_RES_1640_2005,0,1,0,0,0,0,1,1,1,0,1,1,1,2005,2000
1640,S_RES_1641_2005,1,1,0,1,0,0,0,1,0,0,0,1,1,2005,2000
1641,S_RES_1642_2005,1,1,0,0,0,0,0,0,0,0,1,0,0,2005,2000
1642,S_RES_1643_2005,1,1,0,1,0,0,0,1,1,1,1,1,1,2005,2000
1643,S_RES_1644_2005,1,1,0,1,0,0,0,1,1,1,1,1,1,2005,2000
1644,S_RES_1645_2005,1,1,0,0,0,0,0,1,0,0,1,1,0,2005,2000
1645,S_RES_1646_2005,1,0,0,0,0,0,0,0,0,0,0,0,0,2005,2000
1646,S_RES_1647_2005,1,1,0,1,0,0,0,1,0,0,1,1,1,2005,2000
1647,S_RES_1648_2005,1,0,0,0,0,0,0,0,0,0,1,0,0,2005,2000
1648,S_RES_1649_2005,1,1,0,1,0,0,0,1,1,1,1,1,1,2005,2000
1649,S_RES_1650_2005,1,1,0,1,0,0,0,1,0,1,1,1,1,2005,2000
1650,S_RES_1651_2005,1,1,0,1,0,0,0,1,0,0,1,1,1,2005,2000
1651,S_RES_1652_2006,1,1,0,1,0,0,0,1,0,0,0,1,1,2006,2000
1652,S_RES_1653_2006,0,1,0,0,0,0,0,0,0,0,1,0,0,2006,2000
1653,S_RES_1654_2006,0,1,0,1,0,0,0,1,0,0,1,1,1,2006,2000
1654,S_RES_1655_2006,1,0,0,0,0,0,0,1,0,0,1,1,0,2006,2000
1655,S_RES_1656_2006,1,1,0,0,0,0,0,0,0,0,0,0,0,2006,2000
1656,S_RES_1657_2006,1,1,0,1,0,0,0,1,0,0,0,1,1,2006,2000
1657,S_RES_1658_2006,1,1,0,1,0,0,0,1,0,0,1,1,1,2006,2000
1658,S_RES_1659_2006,0,1,0,0,0,0,0,0,0,0,0,0,0,2006,2000
1659,S_RES_1660_2006,1,1,0,1,0,0,0,0,0,0,0,0,0,2006,2000
1660,S_RES_1661_2006,0,1,0,0,0,0,0,0,1,0,0,0,0,2006,2000
1661,S_RES_1662_2006,1,1,0,0,0,0,0,0,0,0,1,0,0,2006,2000
1662,S_RES_1663_2006,1,1,0,0,0,0,0,1,0,0,1,1,1,2006,2000
1663,S_RES_1664_2006,0,1,0,0,0,0,0,0,0,0,1,0,0,2006,2000
1664,S_RES_1665_2006,1,1,0,1,0,0,0,1,0,0,1,1,1,2006,2000
1665,S_RES_1666_2006,1,1,0,0,0,0,0,0,0,0,1,0,0,2006,2000
1666,S_RES_1667_2006,1,1,0,1,0,0,0,1,0,0,1,1,1,2006,2000
1667,S_RES_1668_2006,1,1,0,0,0,0,0,0,0,0,0,0,0,2006,2000
1668,S_RES_1669_2006,1,1,0,1,0,0,0,1,0,0,0,1,1,2006,2000
1669,S_RES_1670_2006,1,1,0,0,0,0,0,0,1,0,0,0,0,2006,2000
1670,S_RES_1671_2006,1,1,0,1,0,0,0,1,0,1,1,1,1,2006,2000
1671,S_RES_1672_2006,1,1,0,1,0,0,0,1,0,0,0,1,1,2006,2000
1672,S_RES_1673_2006,1,1,0,1,0,0,0,1,0,0,0,1,1,2006,2000
1673,S_RES_1674_2006,0,1,0,0,0,0,0,1,1,0,1,1,1,2006,2000
1674,S_RES_1675_2006,1,1,0,0,0,0,0,0,0,0,1,0,0,2006,2000
1675,S_RES_1676_2006,0,1,0,1,0,0,0,1,0,0,1,1,1,2006,2000
1676,S_RES_1677_2006,1,1,0,0,0,0,0,0,0,0,1,0,0,2006,2000
1677,S_RES_1678_2006,1,1,0,0,0,0,0,0,1,0,1,0,0,2006,2000
1678,S_RES_1679_2006,0,1,0,1,0,0,0,1,0,0,1,1,1,2006,2000
1679,S_RES_1680_2006,0,1,0,0,0,0,0,0,0,0,0,0,0,2006,2000
1680,S_RES_1681_2006,1,1,0,0,0,0,0,0,1,1,1,0,0,2006,2000
1681,S_RES_1682_2006,0,1,0,1,0,0,0,1,0,1,0,1,1,2006,2000
1682,S_RES_1683_2006,1,1,0,1,0,0,0,1,0,0,0,1,1,2006,2000
1683,S_RES_1684_2006,1,0,0,0,0,0,0,0,0,0,1,0,0,2006,2000
1684,S_RES_1685_2006,1,0,0,0,0,0,0,0,0,0,1,0,0,2006,2000
1685,S_RES_1686_2006,1,1,0,0,0,0,0,0,0,0,1,0,0,2006,2000
1686,S_RES_1687_2006,1,1,0,0,0,0,0,0,0,0,1,0,0,2006,2000
1687,S_RES_1688_2006,1,1,0,1,0,0,0,1,0,0,1,1,1,2006,2000
1688,S_RES_1689_2006,1,1,0,1,0,0,0,1,0,0,1,1,1,2006,2000
1689,S_RES_1690_2006,1,1,0,0,0,0,0,0,0,0,1,0,0,2006,2000
1690,S_RES_1691_2006,0,0,0,0,0,0,0,0,0,0,0,0,0,2006,2000
1691,S_RES_1692_2006,1,1,0,1,0,0,0,1,0,0,0,1,1,2006,2000
1692,S_RES_1693_2006,1,1,0,1,0,0,0,1,0,0,1,1,1,2006,2000
1693,S_RES_1694_2006,1,1,0,1,0,0,0,1,0,0,0,1,1,2006,2000
1694,S_RES_1695_2006,0,1,0,0,0,0,0,1,1,0,0,1,1,2006,2000
1695,S_RES_1696_2006,0,1,0,1,0,1,1,1,1,0,1,1,0,2006,2000
1696,S_RES_1697_2006,1,1,0,0,0,0,0,0,0,0,0,0,0,2006,2000
1697,S_RES_1698_2006,1,1,0,1,0,0,0,1,1,0,1,1,1,2006,2000
1698,S_RES_1699_2006,0,1,0,0,0,0,0,0,0,0,1,0,0,2006,2000
1699,S_RES_1700_2006,1,1,0,0,0,0,0,0,0,0,1,0,0,2006,2000
1700,S_RES_1701_2006,1,1,0,0,0,0,0,1,0,0,1,1,1,2006,2000
1701,S_RES_1702_2006,1,1,0,1,0,0,0,1,0,1,1,1,1,2006,2000
1702,S_RES_1703_2006,1,1,0,0,0,0,0,0,0,0,0,0,0,2006,2000
1703,S_RES_1704_2006,1,1,0,0,0,0,0,0,0,0,1,0,0,2006,2000
1704,S_RES_1705_2006,1,0,0,0,0,0,0,0,0,0,0,0,0,2006,2000
1705,S_RES_1706_2006,1,1,0,1,0,0,0,1,1,1,1,1,1,2006,2000
1706,S_RES_1707_2006,1,1,0,1,0,0,0,1,0,1,1,1,1,2006,2000
1707,S_RES_1708_2006,1,1,0,1,0,0,0,1,0,0,1,1,1,2006,2000
1708,S_RES_1709_2006,1,1,0,0,0,0,0,1,0,0,0,1,1,2006,2000
1709,S_RES_1710_2006,1,1,0,0,0,0,0,0,1,0,0,0,0,2006,2000
1710,S_RES_1711_2006,1,1,0,1,0,0,0,1,0,0,1,1,1,2006,2000
1711,S_RES_1712_2006,1,1,0,1,0,0,0,1,0,0,1,1,1,2006,2000
1712,S_RES_1713_2006,1,1,0,1,0,0,0,1,0,0,1,1,1,2006,2000
1713,S_RES_1714_2006,1,1,0,0,0,0,0,1,0,0,1,1,1,2006,2000
1714,S_RES_1715_2006,0,0,0,0,0,0,0,0,0,0,0,0,0,2006,2000
1715,S_RES_1716_2006,1,1,0,0,0,0,0,0,0,0,1,0,0,2006,2000
1716,S_RES_1717_2006,1,1,0,0,0,0,0,0,0,0,1,0,0,2006,2000
1717,S_RES_1718_2006,1,1,0,1,0,0,0,1,1,0,0,1,1,2006,2000
1718,S_RES_1719_2006,0,1,0,0,0,0,0,0,0,0,1,0,0,2006,2000
1719,S_RES_1720_2006,1,1,0,0,0,0,0,0,0,0,1,0,0,2006,2000
1720,S_RES_1721_2006,1,1,0,1,0,0,0,1,1,0,1,1,1,2006,2000
1721,S_RES_1722_2006,0,1,0,1,0,0,0,1,1,1,1,1,1,2006,2000
1722,S_RES_1723_2006,1,1,0,1,0,0,0,1,0,0,1,1,1,2006,2000
1723,S_RES_1724_2006,0,1,0,1,0,0,0,1,0,0,1,1,1,2006,2000
1724,S_RES_1725_2006,1,1,0,1,0,0,0,1,1,0,1,1,1,2006,2000
1725,S_RES_1726_2006,1,1,0,1,0,0,0,1,0,0,0,1,1,2006,2000
1726,S_RES_1727_2006,1,1,0,1,0,0,0,1,1,1,1,1,1,2006,2000
1727,S_RES_1728_2006,1,1,0,0,0,0,0,0,0,0,1,0,0,2006,2000
1728,S_RES_1729_2006,1,0,0,0,0,0,0,0,0,0,1,0,0,2006,2000
1729,S_RES_1730_2006,0,1,0,0,0,0,0,1,0,0,1,1,0,2006,2000
1730,S_RES_1731_2006,1,1,0,1,0,0,0,1,0,0,1,1,1,2006,2000
1731,S_RES_1732_2006,1,0,0,0,0,0,0,0,0,0,1,0,0,2006,2000
1732,S_RES_1733_2006,0,0,0,0,0,0,0,0,0,0,0,0,0,2006,2000
1733,S_RES_1734_2006,1,1,0,0,0,0,0,0,0,0,1,0,0,2006,2000
1734,S_RES_1735_2006,1,1,0,1,0,0,0,1,0,0,1,1,0,2006,2000
1735,S_RES_1736_2006,0,1,0,1,0,0,0,1,0,1,0,1,1,2006,2000
1736,S_RES_1737_2006,1,1,0,1,0,0,1,1,0,0,1,1,0,2006,2000
1737,S_RES_1738_2006,0,0,0,0,0,0,0,1,0,0,1,1,1,2006,2000
1738,S_RES_1739_2007,1,1,0,1,0,0,0,1,0,1,1,1,1,2007,2000
1739,S_RES_1740_2007,1,1,0,0,0,0,0,0,0,0,1,0,0,2007,2000
1740,S_RES_1741_2007,1,1,0,0,0,0,0,0,1,0,1,0,0,2007,2000
1741,S_RES_1742_2007,1,1,0,1,0,0,0,1,0,0,1,1,1,2007,2000
1742,S_RES_1743_2007,1,1,0,1,0,0,0,1,1,0,1,1,1,2007,2000
1743,S_RES_1744_2007,1,1,0,1,0,0,0,1,1,0,1,1,1,2007,2000
1744,S_RES_1745_2007,1,1,0,0,0,0,0,0,0,0,1,0,0,2007,2000
1745,S_RES_1746_2007,1,1,0,0,0,0,0,0,0,0,1,0,0,2007,2000
1746,S_RES_1747_2007,1,1,0,1,0,0,1,1,0,0,1,1,0,2007,2000
1747,S_RES_1748_2007,1,1,0,0,0,0,0,0,0,0,1,0,0,2007,2000
1748,S_RES_1749_2007,1,1,0,1,0,0,0,0,0,0,0,0,0,2007,2000
1749,S_RES_1750_2007,1,1,0,1,0,0,0,1,0,0,1,1,1,2007,2000
1750,S_RES_1751_2007,1,1,0,1,0,0,0,1,0,0,0,1,1,2007,2000
1751,S_RES_1752_2007,1,1,0,0,0,0,0,0,0,0,1,0,0,2007,2000
1752,S_RES_1753_2007,1,1,0,1,0,0,0,1,0,0,0,1,1,2007,2000
1753,S_RES_1754_2007,1,1,0,0,0,0,0,0,0,0,1,0,0,2007,2000
1754,S_RES_1755_2007,1,1,0,0,0,0,0,1,0,0,1,1,1,2007,2000
1755,S_RES_1756_2007,1,1,0,1,0,0,0,1,1,1,1,1,1,2007,2000
1756,S_RES_1757_2007,1,1,0,1,0,0,0,1,0,0,1,1,1,2007,2000
1757,S_RES_1758_2007,1,1,0,0,0,0,0,0,0,0,1,0,0,2007,2000
1758,S_RES_1759_2007,1,0,0,0,0,0,0,0,0,0,1,0,0,2007,2000
1759,S_RES_1760_2007,0,1,0,1,0,0,0,1,0,0,1,1,1,2007,2000
1760,S_RES_1761_2007,1,1,0,1,0,0,0,1,0,0,1,1,1,2007,2000
1761,S_RES_1762_2007,1,1,0,1,0,0,0,0,0,0,1,0,0,2007,2000
1762,S_RES_1763_2007,1,1,0,1,0,0,0,1,0,0,0,1,1,2007,2000
1763,S_RES_1764_2007,0,1,0,0,0,0,0,0,0,0,0,0,0,2007,2000
1764,S_RES_1765_2007,1,1,0,1,0,0,0,1,0,0,1,1,1,2007,2000
1765,S_RES_1766_2007,1,1,0,1,0,0,0,1,0,0,1,1,1,2007,2000
1766,S_RES_1767_2007,1,1,0,0,0,0,0,0,1,0,0,0,0,2007,2000
1767,S_RES_1768_2007,1,1,0,1,0,0,0,1,0,0,0,1,1,2007,2000
1768,S_RES_1769_2007,1,1,0,1,0,0,0,1,1,0,1,1,1,2007,2000
1769,S_RES_1770_2007,1,1,0,0,0,0,0,0,0,0,1,0,0,2007,2000
1770,S_RES_1771_2007,1,1,0,1,0,0,0,1,1,0,1,1,1,2007,2000
1771,S_RES_1772_2007,1,1,0,1,0,0,0,1,1,0,1,1,1,2007,2000
1772,S_RES_1773_2007,1,1,0,0,0,0,0,1,0,0,1,1,1,2007,2000
1773,S_RES_1774_2007,1,0,0,0,0,0,0,0,0,0,0,0,0,2007,2000
1774,S_RES_1775_2007,1,0,0,0,0,0,0,0,0,0,0,0,0,2007,2000
1775,S_RES_1776_2007,1,1,0,1,0,0,0,1,0,1,1,1,1,2007,2000
1776,S_RES_1777_2007,1,1,0,1,0,0,0,1,0,0,1,1,1,2007,2000
1777,S_RES_1778_2007,1,1,0,1,0,0,0,1,0,0,1,1,1,2007,2000
1778,S_RES_1779_2007,1,1,0,1,0,0,0,1,0,0,1,1,1,2007,2000
1779,S_RES_1780_2007,1,1,0,1,0,0,0,1,1,0,1,1,1,2007,2000
1780,S_RES_1781_2007,1,1,0,0,0,0,0,0,0,0,1,0,0,2007,2000
1781,S_RES_1782_2007,1,1,0,1,0,0,0,1,1,1,1,1,1,2007,2000
1782,S_RES_1783_2007,1,1,0,0,0,0,0,0,0,0,1,0,0,2007,2000
1783,S_RES_1784_2007,1,1,0,0,0,0,0,1,0,0,1,1,1,2007,2000
1784,S_RES_1785_2007,0,1,0,1,0,0,0,1,1,1,1,1,1,2007,2000
1785,S_RES_1786_2007,1,0,0,0,0,0,0,0,0,0,0,0,0,2007,2000
1786,S_RES_1787_2007,1,1,0,0,0,0,0,1,0,0,1,1,0,2007,2000
1787,S_RES_1788_2007,1,0,0,0,0,0,0,0,0,0,1,0,0,2007,2000
1788,S_RES_1789_2007,1,1,0,0,0,0,0,0,0,0,1,0,0,2007,2000
1789,S_RES_1790_2007,1,1,0,1,0,0,0,1,0,0,1,1,1,2007,2000
1790,S_RES_1791_2007,1,1,0,0,0,0,0,0,0,0,1,0,0,2007,2000
1791,S_RES_1792_2007,1,1,0,1,0,0,0,1,0,0,1,1,1,2007,2000
1792,S_RES_1793_2007,1,1,0,1,0,0,0,0,0,0,1,0,0,2007,2000
1793,S_RES_1794_2007,1,1,0,1,0,0,0,1,1,1,1,1,1,2007,2000
1794,S_RES_1795_2008,1,1,0,1,0,0,0,1,0,0,1,1,1,2008,2000
1795,S_RES_1796_2008,1,1,0,0,0,0,0,0,0,0,1,0,0,2008,2000
1796,S_RES_1797_2008,0,1,0,0,0,0,0,0,0,1,0,0,0,2008,2000
1797,S_RES_1798_2008,1,1,0,0,0,0,0,0,1,0,1,0,0,2008,2000
1798,S_RES_1799_2008,1,1,0,1,0,0,0,1,0,0,0,1,1,2008,2000
1799,S_RES_1800_2008,1,1,0,1,0,0,0,0,0,0,0,0,0,2008,2000
1800,S_RES_1801_2008,1,1,0,1,0,0,0,1,1,0,1,1,1,2008,2000
1801,S_RES_1802_2008,1,1,0,0,0,0,0,0,0,0,1,0,0,2008,2000
1802,S_RES_1803_2008,1,1,0,1,0,0,1,1,0,0,1,1,0,2008,2000
1803,S_RES_1804_2008,0,1,0,0,0,0,0,1,1,0,0,0,1,2008,2000
1804,S_RES_1805_2008,1,0,0,0,0,0,0,1,0,0,1,1,0,2008,2000
1805,S_RES_1806_2008,1,1,0,0,0,0,0,0,0,0,1,0,0,2008,2000
1806,S_RES_1807_2008,1,1,0,1,0,0,0,1,0,1,1,1,1,2008,2000
1807,S_RES_1808_2008,1,1,0,0,0,0,0,0,0,0,1,0,0,2008,2000
1808,S_RES_1809_2008,0,1,0,0,0,0,0,1,0,0,1,1,0,2008,2000
1809,S_RES_1810_2008,1,1,0,1,0,0,0,1,0,0,1,1,1,2008,2000
1810,S_RES_1811_2008,1,1,0,1,0,0,0,1,0,0,1,1,1,2008,2000
1811,S_RES_1812_2008,1,1,0,0,0,0,0,1,0,0,1,1,1,2008,2000
1812,S_RES_1813_2008,1,1,0,0,0,0,0,0,0,0,1,0,0,2008,2000
1813,S_RES_1814_2008,1,1,0,1,0,0,0,1,1,0,1,1,1,2008,2000
1814,S_RES_1815_2008,1,1,0,0,0,0,0,0,0,0,1,0,0,2008,2000
1815,S_RES_1816_2008,1,1,0,1,0,0,0,1,0,0,1,1,1,2008,2000
1816,S_RES_1817_2008,0,1,0,0,0,0,0,0,0,0,1,0,0,2008,2000
1817,S_RES_1818_2008,1,1,0,0,0,0,0,0,0,0,1,0,0,2008,2000
1818,S_RES_1819_2008,0,1,0,1,0,0,0,1,0,0,1,1,1,2008,2000
1819,S_RES_1820_2008,0,1,0,0,0,0,0,1,1,0,1,1,0,2008,2000
1820,S_RES_1821_2008,1,0,0,0,0,0,0,0,0,0,1,0,0,2008,2000
1821,S_RES_1822_2008,1,1,0,1,0,0,0,1,1,0,1,1,0,2008,2000
1822,S_RES_1823_2008,1,0,0,1,0,0,0,0,0,0,0,0,0,2008,2000
1823,S_RES_1824_2008,1,1,0,1,0,0,0,0,0,0,0,0,0,2008,2000
1824,S_RES_1825_2008,1,1,0,0,0,0,0,0,0,0,1,0,0,2008,2000
1825,S_RES_1826_2008,1,1,0,1,0,0,0,1,0,0,1,1,1,2008,2000
1826,S_RES_1827_2008,1,1,0,0,0,0,0,1,1,0,1,1,0,2008,2000
1827,S_RES_1828_2008,1,1,0,0,0,0,0,1,1,0,1,1,1,2008,2000
1828,S_RES_1829_2008,0,1,0,0,0,0,0,0,0,0,1,0,0,2008,2000
1829,S_RES_1830_2008,1,1,0,0,0,0,0,0,0,0,1,0,0,2008,2000
1830,S_RES_1831_2008,1,1,0,1,0,0,0,1,0,0,0,1,1,2008,2000
1831,S_RES_1832_2008,1,1,0,0,0,0,0,1,0,0,1,1,1,2008,2000
1832,S_RES_1833_2008,1,1,0,1,0,0,0,1,0,1,1,1,1,2008,2000
1833,S_RES_1834_2008,1,1,0,0,0,0,0,1,1,0,1,1,1,2008,2000
1834,S_RES_1835_2008,0,1,0,0,0,0,0,0,0,0,0,0,0,2008,2000
1835,S_RES_1836_2008,1,1,0,1,0,0,0,1,0,1,1,1,1,2008,2000
1836,S_RES_1837_2008,1,1,0,1,0,0,0,0,0,0,0,0,0,2008,2000
1837,S_RES_1838_2008,0,1,0,1,0,0,0,1,0,0,0,1,0,2008,2000
1838,S_RES_1839_2008,1,1,0,0,0,0,0,0,0,0,0,0,0,2008,2000
1839,S_RES_1840_2008,1,1,0,1,0,0,0,1,1,0,1,1,1,2008,2000
1840,S_RES_1841_2008,1,1,0,1,0,0,0,1,0,0,1,1,1,2008,2000
1841,S_RES_1842_2008,1,1,0,1,0,0,0,1,0,1,1,1,1,2008,2000
1842,S_RES_1843_2008,1,1,0,1,0,0,0,1,0,1,0,1,1,2008,2000
1843,S_RES_1844_2008,1,1,0,1,0,0,0,1,1,0,1,1,1,2008,2000
1844,S_RES_1845_2008,0,1,0,1,0,0,0,1,1,1,1,1,1,2008,2000
1845,S_RES_1846_2008,1,1,0,1,0,0,0,1,0,0,1,1,1,2008,2000
1846,S_RES_1847_2008,1,1,0,0,0,0,0,0,0,0,1,0,0,2008,2000
1847,S_RES_1848_2008,1,0,0,0,0,0,0,0,0,0,1,0,0,2008,2000
1848,S_RES_1849_2008,1,1,0,1,0,0,0,0,0,0,0,0,0,2008,2000
1849,S_RES_1850_2008,0,1,0,0,0,0,0,0,0,0,0,0,0,2008,2000
1850,S_RES_1851_2008,1,1,0,1,0,0,0,1,0,0,0,1,1,2008,2000
1851,S_RES_1852_2008,1,1,0,0,0,0,0,0,0,0,0,0,0,2008,2000
1852,S_RES_1853_2008,1,1,0,1,0,0,0,1,0,0,1,1,1,2008,2000
1853,S_RES_1854_2008,1,1,0,1,0,0,0,1,0,0,1,1,1,2008,2000
1854,S_RES_1855_2008,1,1,0,1,0,0,0,0,0,0,0,0,0,2008,2000
1855,S_RES_1856_2008,1,1,0,1,0,0,0,1,1,1,1,1,1,2008,2000
1856,S_RES_1857_2008,1,1,0,1,0,0,0,1,1,0,1,1,1,2008,2000
1857,S_RES_1858_2008,1,1,0,0,0,0,0,0,1,0,1,0,0,2008,2000
1858,S_RES_1859_2008,1,1,0,1,0,0,0,1,0,0,1,1,0,2008,2000
1859,S_RES_1860_2009,0,1,0,0,0,0,0,0,0,0,0,0,0,2009,2000
1860,S_RES_1861_2009,1,1,0,1,0,0,0,1,1,1,1,1,1,2009,2000
1861,S_RES_1862_2009,1,1,0,0,0,0,0,0,1,0,1,0,0,2009,2000
1862,S_RES_1863_2009,1,1,0,1,0,0,0,1,1,0,1,1,1,2009,2000
1863,S_RES_1864_2009,1,1,0,0,0,0,0,0,0,0,1,0,0,2009,2000
1864,S_RES_1865_2009,1,1,0,1,0,0,0,1,0,0,1,1,1,2009,2000
1865,S_RES_1866_2009,1,1,0,0,0,0,0,0,0,0,1,0,0,2009,2000
1866,S_RES_1867_2009,1,1,0,0,0,0,0,0,0,0,1,0,0,2009,2000
1867,S_RES_1868_2009,1,1,0,0,0,0,0,0,0,0,1,0,0,2009,2000
1868,S_RES_1869_2009,0,1,0,0,0,0,0,0,0,0,0,0,0,2009,2000
1869,S_RES_1870_2009,1,1,0,0,0,0,0,1,0,0,1,1,1,2009,2000
1870,S_RES_1871_2009,1,1,0,0,0,0,0,0,0,0,1,0,0,2009,2000
1871,S_RES_1872_2009,1,1,0,1,0,0,0,1,0,0,1,1,1,2009,2000
1872,S_RES_1873_2009,1,1,0,0,0,0,0,0,0,0,1,0,0,2009,2000
1873,S_RES_1874_2009,1,1,0,1,0,0,0,1,1,0,1,1,1,2009,2000
1874,S_RES_1875_2009,1,0,0,0,0,0,0,0,0,0,1,0,0,2009,2000
1875,S_RES_1876_2009,1,1,0,0,0,0,0,0,0,0,1,0,0,2009,2000
1876,S_RES_1877_2009,1,1,0,1,0,0,0,0,0,0,0,0,0,2009,2000
1877,S_RES_1878_2009,1,1,0,1,0,0,0,0,0,0,0,0,0,2009,2000
1878,S_RES_1879_2009,1,1,0,0,0,0,0,0,0,0,1,0,0,2009,2000
1879,S_RES_1880_2009,1,1,0,1,0,0,0,1,0,0,1,1,1,2009,2000
1880,S_RES_1881_2009,1,1,0,0,0,0,0,1,1,0,1,1,1,2009,2000
1881,S_RES_1882_2009,1,1,0,0,0,0,0,1,0,0,1,1,0,2009,2000
1882,S_RES_1883_2009,1,1,0,0,0,0,0,0,0,0,1,0,0,2009,2000
1883,S_RES_1884_2009,1,1,0,0,0,0,0,1,0,0,1,1,1,2009,2000
1884,S_RES_1885_2009,1,1,0,1,0,0,0,1,0,1,1,1,1,2009,2000
1885,S_RES_1886_2009,1,1,0,0,0,0,0,0,0,0,1,0,0,2009,2000
1886,S_RES_1887_2009,0,1,0,0,0,0,0,1,1,0,1,1,1,2009,2000
1887,S_RES_1888_2009,1,1,0,0,0,0,0,1,1,0,1,1,0,2009,2000
1888,S_RES_1889_2009,0,1,0,0,0,0,0,1,1,0,1,1,0,2009,2000
1889,S_RES_1890_2009,1,1,0,1,0,0,0,1,0,1,1,1,1,2009,2000
1890,S_RES_1891_2009,1,1,0,1,0,0,0,1,0,0,1,1,1,2009,2000
1891,S_RES_1892_2009,1,1,0,1,0,0,0,1,1,0,1,1,1,2009,2000
1892,S_RES_1893_2009,1,1,0,1,0,0,0,1,1,1,1,1,1,2009,2000
1893,S_RES_1894_2009,0,1,0,0,0,0,0,1,1,0,1,1,1,2009,2000
1894,S_RES_1895_2009,0,1,0,1,0,0,0,1,1,1,1,1,1,2009,2000
1895,S_RES_1896_2009,1,1,0,1,0,0,0,1,1,0,1,1,1,2009,2000
1896,S_RES_1897_2009,1,1,0,1,0,0,0,1,0,0,1,1,1,2009,2000
1897,S_RES_1898_2009,1,1,0,0,0,0,0,0,0,0,1,0,0,2009,2000
1898,S_RES_1899_2009,1,0,0,0,0,0,0,0,0,0,1,0,0,2009,2000
1899,S_RES_1900_2009,1,1,0,1,0,0,0,0,0,0,1,0,0,2009,2000
1900,S_RES_1901_2009,1,1,0,1,0,0,0,0,0,0,1,0,0,2009,2000
1901,S_RES_1902_2009,1,1,0,0,0,0,0,0,0,0,1,0,0,2009,2000
1902,S_RES_1903_2009,1,1,0,1,0,0,0,1,1,0,1,1,1,2009,2000
1903,S_RES_1904_2009,1,1,0,1,0,0,0,1,1,0,1,1,0,2009,2000
1904,S_RES_1905_2009,1,1,0,1,0,0,0,0,0,0,1,0,0,2009,2000
1905,S_RES_1906_2009,1,1,0,1,0,0,0,1,1,1,1,1,1,2009,2000
1906,S_RES_1907_2009,1,1,0,1,0,0,0,1,1,0,1,1,1,2009,2000
1907,S_RES_1908_2010,1,1,0,0,0,0,0,0,0,0,0,0,0,2010,2010
1908,S_RES_1909_2010,1,1,0,0,0,0,0,0,0,0,1,0,0,2010,2010
1909,S_RES_1910_2010,1,1,0,1,0,0,0,1,1,0,1,1,1,2010,2010
1910,S_RES_1911_2010,1,1,0,1,0,0,0,1,0,0,1,1,1,2010,2010
1911,S_RES_1912_2010,1,1,0,0,0,0,0,0,0,0,1,0,0,2010,2010
1912,S_RES_1913_2010,1,1,0,0,0,0,0,1,0,0,0,1,1,2010,2010
1913,S_RES_1914_2010,1,0,0,0,0,0,0,0,0,0,0,0,0,2010,2010
1914,S_RES_1915_2010,1,1,0,1,0,0,0,0,0,0,0,0,0,2010,2010
1915,S_RES_1916_2010,1,1,0,1,0,0,0,1,0,0,1,1,1,2010,2010
1916,S_RES_1917_2010,1,1,0,0,0,0,0,0,0,0,1,0,0,2010,2010
1917,S_RES_1918_2010,0,1,0,0,0,0,0,0,0,0,1,0,0,2010,2010
1918,S_RES_1919_2010,1,1,0,0,0,0,0,1,0,0,1,1,1,2010,2010
1919,S_RES_1920_2010,1,1,0,0,0,0,0,0,0,0,1,0,0,2010,2010
1920,S_RES_1921_2010,1,1,0,0,0,0,0,0,0,0,1,0,0,2010,2010
1921,S_RES_1922_2010,1,1,0,0,0,0,0,1,0,0,0,1,1,2010,2010
1922,S_RES_1923_2010,1,1,0,0,0,0,0,1,1,0,1,1,1,2010,2010
1923,S_RES_1924_2010,1,1,0,1,0,0,0,1,0,0,0,1,1,2010,2010
1924,S_RES_1925_2010,1,1,0,1,0,0,0,1,1,1,1,1,1,2010,2010
1925,S_RES_1926_2010,1,0,0,0,0,0,0,0,0,0,0,0,0,2010,2010
1926,S_RES_1927_2010,1,1,0,1,0,0,0,0,0,1,1,0,0,2010,2010
1927,S_RES_1928_2010,1,1,0,1,0,0,1,1,0,0,1,1,1,2010,2010
1928,S_RES_1929_2010,1,1,0,1,0,0,1,1,0,0,1,1,0,2010,2010
1929,S_RES_1930_2010,1,1,0,0,0,0,0,0,0,0,1,0,0,2010,2010
1930,S_RES_1931_2010,1,1,0,1,0,0,0,0,0,0,1,0,0,2010,2010
1931,S_RES_1932_2010,1,1,0,1,0,0,0,0,0,0,0,0,0,2010,2010
1932,S_RES_1933_2010,1,1,0,1,0,0,0,1,0,1,1,1,1,2010,2010
1933,S_RES_1934_2010,1,0,0,0,0,0,0,0,0,0,1,0,0,2010,2010
1934,S_RES_1935_2010,1,1,0,0,0,0,0,1,1,0,1,1,1,2010,2010
1935,S_RES_1936_2010,1,1,0,0,0,0,0,0,0,0,1,0,0,2010,2010
1936,S_RES_1937_2010,1,1,0,0,0,0,0,1,0,0,1,1,1,2010,2010
1937,S_RES_1938_2010,1,1,0,1,0,0,0,1,0,1,1,1,1,2010,2010
1938,S_RES_1939_2010,1,1,0,0,0,0,0,0,0,0,1,0,0,2010,2010
1939,S_RES_1940_2010,1,0,0,1,0,0,0,0,0,0,0,0,0,2010,2010
1940,S_RES_1941_2010,1,1,0,0,0,0,0,0,0,0,1,0,0,2010,2010
1941,S_RES_1942_2010,1,1,0,1,0,0,0,0,0,1,0,0,0,2010,2010
1942,S_RES_1943_2010,1,1,0,1,0,0,0,1,0,1,1,1,1,2010,2010
1943,S_RES_1944_2010,1,1,0,1,0,0,0,1,0,0,1,1,1,2010,2010
1944,S_RES_1945_2010,1,1,0,1,0,0,0,1,0,0,1,1,1,2010,2010
1945,S_RES_1946_2010,1,1,0,1,0,0,0,1,1,1,1,1,1,2010,2010
1946,S_RES_1947_2010,0,1,0,0,0,0,0,0,0,0,1,0,0,2010,2010
1947,S_RES_1948_2010,0,1,0,1,0,0,0,1,1,1,1,1,1,2010,2010
1948,S_RES_1949_2010,1,1,0,0,0,0,0,0,0,0,1,0,0,2010,2010
1949,S_RES_1950_2010,1,1,0,1,0,0,0,1,0,0,1,1,1,2010,2010
1950,S_RES_1951_2010,1,1,0,1,0,0,0,1,0,0,0,1,1,2010,2010
1951,S_RES_1952_2010,1,1,0,1,0,0,0,1,0,0,1,1,1,2010,2010
1952,S_RES_1953_2010,1,1,0,0,0,0,0,0,0,0,1,0,0,2010,2010
1953,S_RES_1954_2010,1,1,0,1,0,0,0,0,0,0,0,0,0,2010,2010
1954,S_RES_1955_2010,1,1,0,1,0,0,0,0,0,0,0,0,0,2010,2010
1955,S_RES_1956_2010,1,1,0,1,0,0,0,0,0,0,1,0,0,2010,2010
1956,S_RES_1957_2010,1,1,0,1,0,0,0,0,0,0,1,0,0,2010,2010
1957,S_RES_1958_2010,0,1,0,1,0,0,0,0,0,1,1,0,0,2010,2010
1958,S_RES_1959_2010,0,1,0,0,0,0,0,0,0,0,1,0,0,2010,2010
1959,S_RES_1960_2010,0,1,0,0,0,0,0,1,0,0,1,1,0,2010,2010
1960,S_RES_1961_2010,1,1,0,1,0,0,0,1,1,0,1,1,1,2010,2010
1961,S_RES_1962_2010,1,1,0,1,0,0,0,1,0,0,1,1,1,2010,2010
1962,S_RES_1963_2010,1,0,0,0,0,0,0,1,0,0,1,1,1,2010,2010
1963,S_RES_1964_2010,1,1,0,1,0,0,0,1,1,0,1,1,1,2010,2010
1964,S_RES_1965_2010,1,0,0,0,0,0,0,0,0,0,1,0,0,2010,2010
1965,S_RES_1966_2010,1,1,0,1,0,0,0,0,0,0,1,0,0,2010,2010
1966,S_RES_1967_2011,1,1,0,1,0,0,0,0,1,0,1,0,0,2011,2010
1967,S_RES_1968_2011,1,1,0,1,0,0,0,0,0,0,1,0,0,2011,2010
1968,S_RES_1969_2011,1,1,0,0,0,0,0,0,0,0,1,0,0,2011,2010
1969,S_RES_1970_2011,1,1,0,1,0,0,0,1,1,0,1,1,0,2011,2010
1970,S_RES_1971_2011,1,0,0,1,0,0,0,0,0,0,1,0,0,2011,2010
1971,S_RES_1972_2011,1,1,0,1,0,0,0,1,0,0,1,1,1,2011,2010
1972,S_RES_1973_2011,1,1,0,1,0,0,0,1,1,1,1,1,1,2011,2010
1973,S_RES_1974_2011,1,1,0,0,0,0,0,0,0,0,1,0,0,2011,2010
1974,S_RES_1975_2011,1,1,0,1,0,0,0,1,1,0,1,1,1,2011,2010
1975,S_RES_1976_2011,1,1,0,0,0,0,0,1,0,0,1,1,1,2011,2010
1976,S_RES_1977_2011,1,1,0,1,0,0,0,1,0,0,1,1,1,2011,2010
1977,S_RES_1978_2011,1,1,0,0,0,0,0,1,0,1,1,1,1,2011,2010
1978,S_RES_1979_2011,1,1,0,0,0,0,0,0,0,0,1,0,0,2011,2010
1979,S_RES_1980_2011,1,1,0,1,0,0,0,1,0,1,1,1,1,2011,2010
1980,S_RES_1981_2011,1,1,0,1,0,0,0,0,0,0,1,0,0,2011,2010
1981,S_RES_1982_2011,1,1,0,1,0,0,0,1,0,0,1,1,1,2011,2010
1982,S_RES_1983_2011,0,0,0,0,0,0,0,1,0,0,1,1,0,2011,2010
1983,S_RES_1984_2011,1,1,0,1,0,0,1,1,0,0,1,1,1,2011,2010
1984,S_RES_1985_2011,1,1,0,1,0,0,1,1,0,0,1,1,1,2011,2010
1985,S_RES_1986_2011,1,1,0,0,0,0,0,0,0,0,1,0,0,2011,2010
1986,S_RES_1987_2011,0,0,0,0,0,0,0,0,0,0,0,0,0,2011,2010
1987,S_RES_1988_2011,1,1,0,1,0,0,0,1,0,0,1,1,1,2011,2010
1988,S_RES_1989_2011,1,1,0,1,0,0,0,1,0,0,1,1,0,2011,2010
1989,S_RES_1990_2011,1,1,0,1,0,0,0,1,0,0,1,1,1,2011,2010
1990,S_RES_1991_2011,1,1,0,1,0,0,0,1,1,0,1,1,1,2011,2010
1991,S_RES_1992_2011,1,1,0,1,0,0,0,0,0,0,1,0,0,2011,2010
1992,S_RES_1993_2011,1,1,0,1,0,0,0,0,0,0,0,0,0,2011,2010
1993,S_RES_1994_2011,1,0,0,0,0,0,0,0,0,0,1,0,0,2011,2010
1994,S_RES_1995_2011,1,1,0,1,0,0,0,0,0,0,0,0,0,2011,2010
1995,S_RES_1996_2011,1,1,0,1,0,0,0,1,1,1,1,1,1,2011,2010
1996,S_RES_1997_2011,1,1,0,0,0,0,0,0,0,0,1,0,0,2011,2010
1997,S_RES_1998_2011,0,1,0,0,0,0,0,1,0,0,1,1,0,2011,2010
1998,S_RES_1999_2011,0,0,0,0,0,0,0,0,0,0,0,0,0,2011,2010
1999,S_RES_2000_2011,1,1,0,1,0,0,0,1,0,0,1,1,1,2011,2010
2000,S_RES_2001_2011,1,1,0,1,0,0,0,0,0,0,1,0,0,2011,2010
2001,S_RES_2002_2011,1,1,0,1,0,0,0,1,1,0,1,1,1,2011,2010
2002,S_RES_2003_2011,1,1,0,1,0,0,0,1,1,0,1,1,1,2011,2010
2003,S_RES_2004_2011,1,1,0,0,0,0,0,1,0,0,1,1,1,2011,2010
2004,S_RES_2005_2011,1,1,0,0,0,0,0,0,0,0,1,0,0,2011,2010
2005,S_RES_2006_2011,1,0,0,0,0,0,0,0,0,0,0,0,0,2011,2010
2006,S_RES_2007_2011,1,0,0,0,0,0,0,0,0,0,0,0,0,2011,2010
2007,S_RES_2008_2011,1,1,0,1,0,0,0,1,0,0,1,1,1,2011,2010
2008,S_RES_2009_2011,1,1,0,1,0,0,0,1,0,0,1,1,0,2011,2010
2009,S_RES_2010_2011,1,1,0,1,0,0,0,1,1,0,1,1,1,2011,2010
2010,S_RES_2011_2011,1,1,0,1,0,0,0,1,0,1,1,1,1,2011,2010
2011,S_RES_2012_2011,1,1,0,1,0,0,0,1,0,0,1,1,1,2011,2010
2012,S_RES_2013_2011,1,1,0,1,0,0,0,0,0,0,0,0,0,2011,2010
2013,S_RES_2014_2011,0,1,0,0,0,0,0,1,1,0,1,1,0,2011,2010
2014,S_RES_2015_2011,1,1,0,0,0,0,0,1,0,0,1,1,1,2011,2010
2015,S_RES_2016_2011,1,1,0,1,0,0,0,1,0,0,0,1,0,2011,2010
2016,S_RES_2017_2011,0,1,0,0,0,0,0,1,0,0,1,1,0,2011,2010
2017,S_RES_2018_2011,0,1,0,0,0,0,0,0,0,0,1,0,0,2011,2010
2018,S_RES_2019_2011,0,1,0,1,0,0,0,1,1,1,1,1,1,2011,2010
2019,S_RES_2020_2011,1,1,0,1,0,0,0,1,0,0,1,1,1,2011,2010
2020,S_RES_2021_2011,1,1,0,1,0,0,0,1,1,0,1,1,1,2011,2010
2021,S_RES_2022_2011,1,1,0,0,0,0,0,0,0,0,0,0,0,2011,2010
2022,S_RES_2023_2011,1,1,0,1,0,0,0,1,1,0,1,1,1,2011,2010
2023,S_RES_2024_2011,1,1,0,0,0,0,0,1,0,0,1,1,1,2011,2010
2024,S_RES_2025_2011,1,1,0,1,0,0,0,1,1,0,1,1,1,2011,2010
2025,S_RES_2026_2011,1,1,0,0,0,0,0,0,0,0,1,0,0,2011,2010
2026,S_RES_2027_2011,1,1,0,0,0,0,0,0,0,0,1,0,0,2011,2010
2027,S_RES_2028_2011,1,0,0,0,0,0,0,0,0,0,1,0,0,2011,2010
2028,S_RES_2029_2011,1,1,0,1,0,0,0,0,0,0,0,0,0,2011,2010
2029,S_RES_2030_2011,1,1,0,0,0,0,0,0,0,0,1,0,0,2011,2010
2030,S_RES_2031_2011,1,1,0,0,0,0,0,0,1,0,1,0,0,2011,2010
2031,S_RES_2032_2011,1,1,0,1,0,0,0,1,1,0,1,1,1,2011,2010
2032,S_RES_2033_2012,1,1,0,0,0,0,0,1,0,0,1,1,0,2012,2010
2033,S_RES_2034_2012,1,0,0,0,0,0,0,0,0,0,0,0,0,2012,2010
2034,S_RES_2035_2012,1,1,0,1,0,0,0,1,1,0,1,1,1,2012,2010
2035,S_RES_2036_2012,1,1,0,1,0,0,0,1,1,0,1,1,1,2012,2010
2036,S_RES_2037_2012,1,1,0,0,0,0,0,0,0,0,1,0,0,2012,2010
2037,S_RES_2038_2012,1,0,0,0,0,0,0,0,0,0,0,0,0,2012,2010
2038,S_RES_2039_2012,0,1,0,0,0,0,0,0,0,0,1,0,0,2012,2010
2039,S_RES_2040_2012,1,1,0,1,0,0,0,1,0,0,1,1,0,2012,2010
2040,S_RES_2041_2012,1,1,0,0,0,0,0,1,0,0,1,0,1,2012,2010
2041,S_RES_2042_2012,1,1,0,0,0,0,0,0,0,0,1,0,0,2012,2010
2042,S_RES_2043_2012,1,1,0,0,0,0,0,0,0,0,1,0,0,2012,2010
2043,S_RES_2044_2012,1,1,0,0,0,0,0,0,0,0,1,0,0,2012,2010
2044,S_RES_2045_2012,1,1,0,1,0,0,0,1,0,1,1,1,1,2012,2010
2045,S_RES_2046_2012,1,1,0,1,0,0,1,1,0,0,1,1,1,2012,2010
2046,S_RES_2047_2012,1,1,0,1,0,0,0,1,1,0,1,1,1,2012,2010
2047,S_RES_2048_2012,1,1,0,1,0,0,0,1,1,0,1,1,0,2012,2010
2048,S_RES_2049_2012,1,1,0,1,0,0,1,1,0,0,1,1,1,2012,2010
2049,S_RES_2050_2012,1,1,0,1,0,0,1,1,0,0,1,1,1,2012,2010
2050,S_RES_2051_2012,0,1,0,0,0,0,1,1,1,0,1,1,0,2012,2010
2051,S_RES_2052_2012,1,0,0,0,0,0,0,0,0,0,1,0,0,2012,2010
2052,S_RES_2053_2012,1,1,0,1,0,0,0,1,1,0,1,1,1,2012,2010
2053,S_RES_2054_2012,1,1,0,1,0,0,0,0,0,0,1,0,0,2012,2010
2054,S_RES_2055_2012,0,0,0,0,0,0,0,0,0,0,1,0,0,2012,2010
2055,S_RES_2056_2012,1,1,0,1,0,0,0,1,1,0,1,1,1,2012,2010
2056,S_RES_2057_2012,1,1,0,1,0,0,0,1,1,1,1,1,1,2012,2010
2057,S_RES_2058_2012,1,1,0,0,0,0,0,0,0,0,1,0,0,2012,2010
2058,S_RES_2059_2012,1,1,0,0,0,0,0,0,0,0,1,0,0,2012,2010
2059,S_RES_2060_2012,1,1,0,1,0,0,0,1,1,0,1,1,1,2012,2010
2060,S_RES_2061_2012,1,1,0,1,0,0,0,0,0,0,1,0,0,2012,2010
2061,S_RES_2062_2012,1,1,0,1,0,0,0,1,0,1,1,1,1,2012,2010
2062,S_RES_2063_2012,1,1,0,1,0,0,0,1,1,1,1,1,1,2012,2010
2063,S_RES_2064_2012,1,1,0,0,0,0,0,1,0,0,1,1,1,2012,2010
2064,S_RES_2065_2012,1,1,0,0,0,0,0,0,0,0,1,0,0,2012,2010
2065,S_RES_2066_2012,1,1,0,1,0,0,0,1,0,1,1,1,1,2012,2010
2066,S_RES_2067_2012,0,1,0,0,0,0,0,0,0,0,1,0,0,2012,2010
2067,S_RES_2068_2012,0,1,0,0,0,0,0,1,1,0,1,1,0,2012,2010
2068,S_RES_2069_2012,1,1,0,1,0,0,0,1,0,1,1,1,1,2012,2010
2069,S_RES_2070_2012,1,1,0,1,0,0,0,1,0,0,1,1,0,2012,2010
2070,S_RES_2071_2012,1,1,0,1,0,0,0,1,1,0,1,1,1,2012,2010
2071,S_RES_2072_2012,1,0,0,1,0,0,0,1,0,0,0,1,1,2012,2010
2072,S_RES_2073_2012,1,1,0,1,0,0,0,1,0,0,1,1,1,2012,2010
2073,S_RES_2074_2012,0,1,0,1,0,0,0,1,1,1,1,1,1,2012,2010
2074,S_RES_2075_2012,1,1,0,1,0,0,0,1,1,0,1,1,1,2012,2010
2075,S_RES_2076_2012,0,1,0,1,0,0,0,1,1,0,1,1,1,2012,2010
2076,S_RES_2077_2012,1,1,0,1,0,0,0,1,0,0,1,1,1,2012,2010
2077,S_RES_2078_2012,1,1,0,1,0,0,0,1,1,1,1,1,1,2012,2010
2078,S_RES_2079_2012,1,1,0,1,0,0,0,1,1,0,1,1,1,2012,2010
2079,S_RES_2080_2012,1,1,0,1,0,0,0,0,0,0,1,0,0,2012,2010
2080,S_RES_2081_2012,1,1,0,1,0,0,0,0,0,0,1,0,0,2012,2010
2081,S_RES_2082_2012,1,1,0,1,0,0,0,1,0,0,1,1,1,2012,2010
2082,S_RES_2083_2012,1,1,0,1,0,0,0,1,0,1,1,1,0,2012,2010
2083,S_RES_2084_2012,1,0,0,0,0,0,0,0,0,0,1,0,0,2012,2010
2084,S_RES_2085_2012,1,1,0,1,0,0,0,1,1,0,1,1,1,2012,2010
2085,S_RES_2086_2013,0,1,0,0,0,0,0,1,0,0,1,1,0,2013,2010
2086,S_RES_2087_2013,0,1,0,0,0,0,0,0,1,0,0,0,0,2013,2010
2087,S_RES_2088_2013,1,1,0,0,0,0,0,0,1,0,1,0,0,2013,2010
2088,S_RES_2089_2013,1,1,0,0,0,0,0,0,0,0,1,0,0,2013,2010
2089,S_RES_2090_2013,1,1,0,0,0,0,0,0,0,0,1,0,0,2013,2010
2090,S_RES_2091_2013,1,1,0,1,0,0,0,1,1,0,1,1,1,2013,2010
2091,S_RES_2092_2013,1,1,0,0,0,0,0,0,0,0,1,0,0,2013,2010
2092,S_RES_2093_2013,1,1,0,1,0,0,0,1,1,0,1,1,1,2013,2010
2093,S_RES_2094_2013,1,1,0,1,0,0,0,1,1,0,1,1,1,2013,2010
2094,S_RES_2095_2013,1,1,0,1,0,0,0,1,0,0,1,1,0,2013,2010
2095,S_RES_2096_2013,1,1,0,0,0,0,0,1,0,0,1,0,1,2013,2010
2096,S_RES_2097_2013,1,1,0,0,0,0,0,0,0,0,1,0,0,2013,2010
2097,S_RES_2098_2013,1,1,0,1,0,0,0,1,1,1,1,1,1,2013,2010
2098,S_RES_2099_2013,1,1,0,0,0,0,0,0,0,0,1,0,0,2013,2010
2099,S_RES_2100_2013,1,1,0,1,0,0,0,1,1,1,1,1,1,2013,2010
2100,S_RES_2101_2013,1,1,0,1,0,0,0,1,0,1,1,1,1,2013,2010
2101,S_RES_2102_2013,1,1,0,0,0,0,0,0,0,0,1,0,0,2013,2010
2102,S_RES_2103_2013,1,1,0,0,0,0,0,1,0,0,1,0,1,2013,2010
2103,S_RES_2104_2013,1,1,0,1,0,0,0,1,1,0,1,1,1,2013,2010
2104,S_RES_2105_2013,1,1,0,1,0,0,1,1,0,0,1,1,1,2013,2010
2105,S_RES_2106_2013,0,1,0,0,0,0,0,1,1,0,1,1,0,2013,2010
2106,S_RES_2107_2013,1,1,0,1,0,0,0,0,0,0,1,0,0,2013,2010
2107,S_RES_2108_2013,1,0,0,0,0,0,0,0,0,0,1,0,0,2013,2010
2108,S_RES_2109_2013,1,1,0,1,0,0,0,1,1,1,1,1,1,2013,2010
2109,S_RES_2110_2013,1,1,0,0,0,0,0,0,0,0,1,0,0,2013,2010
2110,S_RES_2111_2013,1,1,0,1,0,0,0,1,0,0,1,1,1,2013,2010
2111,S_RES_2112_2013,1,1,0,1,0,0,0,1,0,1,1,1,1,2013,2010
2112,S_RES_2113_2013,1,1,0,1,0,0,0,1,1,1,1,1,1,2013,2010
2113,S_RES_2114_2013,1,1,0,0,0,0,0,0,0,0,1,0,0,2013,2010
2114,S_RES_2115_2013,1,1,0,0,0,0,0,1,0,0,1,1,1,2013,2010
2115,S_RES_2116_2013,1,1,0,1,0,0,0,1,0,1,1,1,1,2013,2010
2116,S_RES_2117_2013,0,1,0,0,0,0,0,1,0,0,1,1,0,2013,2010
2117,S_RES_2118_2013,1,1,1,1,0,0,0,1,1,0,1,1,1,2013,2010
2118,S_RES_2119_2013,1,1,0,1,0,0,0,1,0,0,1,1,0,2013,2010
2119,S_RES_2120_2013,1,1,0,1,0,0,0,1,0,1,1,1,1,2013,2010
2120,S_RES_2121_2013,1,1,0,0,0,0,0,1,1,0,1,0,1,2013,2010
2121,S_RES_2122_2013,0,1,0,0,0,0,0,1,0,0,1,1,0,2013,2010
2122,S_RES_2123_2013,0,1,0,1,0,0,0,1,1,1,1,1,1,2013,2010
2123,S_RES_2124_2013,1,1,0,1,0,0,0,0,0,0,1,0,0,2013,2010
2124,S_RES_2125_2013,1,1,0,1,0,0,0,1,0,0,1,1,1,2013,2010
2125,S_RES_2126_2013,1,1,0,1,0,0,0,1,1,0,1,1,1,2013,2010
2126,S_RES_2127_2013,1,1,0,1,0,0,0,1,1,1,1,1,1,2013,2010
2127,S_RES_2128_2013,1,1,0,1,0,0,0,1,0,0,1,1,1,2013,2010
2128,S_RES_2129_2013,1,1,0,0,0,0,0,1,0,0,1,1,1,2013,2010
2129,S_RES_2130_2013,1,1,0,1,0,0,0,0,0,0,1,0,0,2013,2010
2130,S_RES_2131_2013,1,0,0,0,0,0,0,0,0,0,1,0,0,2013,2010
2131,S_RES_2132_2013,1,1,0,1,0,0,0,1,1,1,1,1,1,2013,2010
2132,S_RES_2133_2014,1,0,0,0,0,0,0,1,0,0,1,1,0,2014,2010
2133,S_RES_2134_2014,1,1,0,1,0,0,0,1,1,1,1,1,1,2014,2010
2134,S_RES_2135_2014,1,1,0,0,0,0,0,0,0,0,1,0,0,2014,2010
2135,S_RES_2136_2014,1,1,0,1,0,0,0,1,1,0,1,1,1,2014,2010
2136,S_RES_2137_2014,0,1,0,0,0,0,0,0,0,0,1,0,0,2014,2010
2137,S_RES_2138_2014,1,1,0,1,0,0,0,1,1,0,1,1,1,2014,2010
2138,S_RES_2139_2014,0,1,0,0,0,0,0,1,1,0,1,1,0,2014,2010
2139,S_RES_2140_2014,1,1,0,1,0,0,0,1,0,0,1,1,1,2014,2010
2140,S_RES_2141_2014,1,1,0,1,0,0,1,1,0,0,1,1,1,2014,2010
2141,S_RES_2142_2014,1,1,0,1,0,0,0,1,0,0,1,1,1,2014,2010
2142,S_RES_2143_2014,1,1,0,0,0,0,0,1,1,0,0,1,0,2014,2010
2143,S_RES_2144_2014,1,1,0,1,0,0,0,1,0,0,1,1,0,2014,2010
2144,S_RES_2145_2014,1,1,0,0,0,0,0,1,0,0,1,0,1,2014,2010
2145,S_RES_2146_2014,1,1,0,1,0,0,0,1,0,1,1,1,1,2014,2010
2146,S_RES_2147_2014,1,1,0,1,0,0,0,1,1,1,1,1,1,2014,2010
2147,S_RES_2148_2014,0,1,0,0,0,0,0,0,0,0,1,0,0,2014,2010
2148,S_RES_2149_2014,1,1,0,1,0,0,0,1,1,1,1,1,1,2014,2010
2149,S_RES_2150_2014,0,0,0,0,0,0,0,0,0,0,1,0,0,2014,2010
2150,S_RES_2151_2014,0,1,0,0,0,0,0,1,0,0,1,1,0,2014,2010
2151,S_RES_2152_2014,1,1,0,0,0,0,0,0,0,0,1,0,0,2014,2010
2152,S_RES_2153_2014,1,1,0,1,0,0,0,1,0,1,1,1,1,2014,2010
2153,S_RES_2154_2014,1,0,0,0,0,0,0,1,0,0,1,1,0,2014,2010
2154,S_RES_2155_2014,1,1,0,1,0,0,0,1,1,1,1,1,1,2014,2010
2155,S_RES_2156_2014,1,1,0,1,0,0,0,1,1,0,1,1,1,2014,2010
2156,S_RES_2157_2014,1,1,0,0,0,0,0,1,0,0,1,0,1,2014,2010
2157,S_RES_2158_2014,1,1,0,0,0,0,0,0,0,0,1,0,0,2014,2010
2158,S_RES_2159_2014,1,1,0,1,0,0,1,1,0,0,1,1,1,2014,2010
2159,S_RES_2160_2014,1,1,0,1,0,0,0,1,0,0,1,1,1,2014,2010
2160,S_RES_2161_2014,1,1,0,1,0,0,0,1,0,0,1,1,0,2014,2010
2161,S_RES_2162_2014,1,1,0,1,0,0,0,1,0,1,1,1,1,2014,2010
2162,S_RES_2163_2014,1,0,0,0,0,0,0,0,0,0,1,0,0,2014,2010
2163,S_RES_2164_2014,1,1,0,1,0,0,0,1,0,1,1,1,1,2014,2010
2164,S_RES_2165_2014,1,1,1,0,0,0,0,1,0,0,1,0,1,2014,2010
2165,S_RES_2166_2014,0,1,0,0,0,0,0,0,1,0,1,0,0,2014,2010
2166,S_RES_2167_2014,0,1,0,0,0,0,0,1,0,0,1,1,0,2014,2010
2167,S_RES_2168_2014,1,1,0,0,0,0,0,0,0,0,1,0,0,2014,2010
2168,S_RES_2169_2014,1,1,0,0,0,0,0,0,0,0,1,0,0,2014,2010
2169,S_RES_2170_2014,1,0,0,1,0,0,0,1,1,0,1,1,0,2014,2010
2170,S_RES_2171_2014,0,1,0,0,0,0,0,1,0,0,1,1,0,2014,2010
2171,S_RES_2172_2014,1,1,0,0,0,0,0,1,0,0,1,1,1,2014,2010
2172,S_RES_2173_2014,1,1,0,1,0,0,0,1,1,0,1,1,1,2014,2010
2173,S_RES_2174_2014,1,1,0,1,0,0,0,1,0,0,1,1,0,2014,2010
2174,S_RES_2175_2014,0,0,0,0,0,0,0,0,0,0,1,0,0,2014,2010
2175,S_RES_2176_2014,1,1,0,1,0,0,0,1,0,0,1,1,1,2014,2010
2176,S_RES_2177_2014,0,1,0,0,0,0,0,1,0,0,1,1,1,2014,2010
2177,S_RES_2178_2014,1,1,0,1,0,0,0,1,1,0,1,1,1,2014,2010
2178,S_RES_2179_2014,1,1,0,1,0,0,0,1,1,0,1,1,1,2014,2010
2179,S_RES_2180_2014,1,1,0,1,0,0,0,1,0,0,1,1,0,2014,2010
2180,S_RES_2181_2014,1,1,0,1,0,0,0,1,0,0,0,1,1,2014,2010
2181,S_RES_2182_2014,1,1,0,1,0,0,0,1,0,1,1,1,1,2014,2010
2182,S_RES_2183_2014,0,1,0,1,0,0,0,1,1,1,1,1,1,2014,2010
2183,S_RES_2184_2014,1,1,0,1,0,0,0,1,0,0,1,1,1,2014,2010
2184,S_RES_2185_2014,0,0,0,0,0,0,0,1,1,0,1,1,0,2014,2010
2185,S_RES_2186_2014,1,1,0,0,0,0,0,0,0,0,1,0,0,2014,2010
2186,S_RES_2187_2014,1,1,0,1,0,0,0,1,1,1,1,1,1,2014,2010
2187,S_RES_2188_2014,1,1,0,1,0,0,0,1,0,0,1,1,1,2014,2010
2188,S_RES_2189_2014,0,0,0,0,0,0,0,0,0,0,0,0,0,2014,2010
2189,S_RES_2190_2014,1,1,0,1,0,0,0,1,0,0,1,1,1,2014,2010
2190,S_RES_2191_2014,1,1,1,0,0,0,0,1,1,0,1,0,1,2014,2010
2191,S_RES_2192_2014,1,0,0,0,0,0,0,0,0,0,1,0,0,2014,2010
2192,S_RES_2193_2014,1,1,0,1,0,0,0,0,0,0,1,0,0,2014,2010
2193,S_RES_2194_2014,1,1,0,1,0,0,0,0,0,0,1,0,0,2014,2010
2194,S_RES_2195_2014,0,0,0,0,0,0,0,1,0,0,1,1,0,2014,2010
2195,S_RES_2196_2015,1,1,0,1,0,0,0,1,0,0,1,1,1,2015,2010
2196,S_RES_2197_2015,1,1,0,0,0,0,0,0,0,0,1,0,0,2015,2010
2197,S_RES_2198_2015,1,1,0,1,0,0,0,1,1,0,1,1,1,2015,2010
2198,S_RES_2199_2015,1,1,0,1,0,0,0,1,0,0,1,1,0,2015,2010
2199,S_RES_2200_2015,1,1,0,1,0,0,0,1,1,0,1,1,1,2015,2010
2200,S_RES_2201_2015,0,1,0,0,0,0,0,1,1,0,1,1,1,2015,2010
2201,S_RES_2202_2015,0,1,0,0,0,0,0,0,0,0,0,0,0,2015,2010
2202,S_RES_2203_2015,1,1,0,0,0,0,0,1,0,0,1,0,1,2015,2010
2203,S_RES_2204_2015,1,1,0,1,0,0,0,1,0,0,1,1,1,2015,2010
2204,S_RES_2205_2015,1,1,0,1,0,0,0,1,1,0,1,1,1,2015,2010
2205,S_RES_2206_2015,1,1,0,1,0,0,1,1,1,0,1,1,1,2015,2010
2206,S_RES_2207_2015,1,1,0,1,0,0,1,1,0,0,1,1,1,2015,2010
2207,S_RES_2208_2015,1,1,0,1,0,0,0,1,0,0,0,1,1,2015,2010
2208,S_RES_2209_2015,1,1,0,1,0,0,0,0,0,0,0,0,0,2015,2010
2209,S_RES_2210_2015,1,1,0,0,0,0,0,1,0,0,1,0,1,2015,2010
2210,S_RES_2211_2015,1,1,0,1,0,0,0,1,1,1,1,1,1,2015,2010
2211,S_RES_2212_2015,1,1,0,1,0,0,0,1,0,0,1,1,1,2015,2010
2212,S_RES_2213_2015,1,1,0,1,0,0,0,1,0,0,1,1,1,2015,2010
2213,S_RES_2214_2015,0,1,0,0,0,0,0,1,0,0,1,1,0,2015,2010
2214,S_RES_2215_2015,1,1,0,1,0,0,0,1,0,1,1,1,1,2015,2010
2215,S_RES_2216_2015,1,1,0,1,0,0,0,1,1,0,1,1,1,2015,2010
2216,S_RES_2217_2015,1,1,0,1,0,0,0,1,1,1,1,1,1,2015,2010
2217,S_RES_2218_2015,1,1,0,0,0,0,0,0,0,0,1,0,0,2015,2010
2218,S_RES_2219_2015,1,1,0,1,0,0,0,1,0,1,1,1,1,2015,2010
2219,S_RES_2220_2015,0,1,0,0,0,0,0,1,0,0,1,1,0,2015,2010
2220,S_RES_2221_2015,1,1,0,0,0,0,0,0,0,0,0,0,0,2015,2010
2221,S_RES_2222_2015,0,0,0,0,0,0,0,1,0,0,1,1,0,2015,2010
2222,S_RES_2223_2015,1,1,0,1,0,0,0,1,1,1,1,1,1,2015,2010
2223,S_RES_2224_2015,1,1,0,1,0,0,1,1,0,0,1,1,1,2015,2010
2224,S_RES_2225_2015,0,1,0,0,0,0,0,1,1,0,1,1,0,2015,2010
2225,S_RES_2226_2015,1,1,0,1,0,0,0,1,0,1,1,1,1,2015,2010
2226,S_RES_2227_2015,1,1,0,1,0,0,0,1,1,1,1,1,1,2015,2010
2227,S_RES_2228_2015,1,1,0,1,0,0,0,1,1,0,1,1,1,2015,2010
2228,S_RES_2229_2015,1,0,0,0,0,0,0,0,0,0,1,0,0,2015,2010
2229,S_RES_2230_2015,1,1,0,1,0,0,0,1,1,0,1,1,1,2015,2010
2230,S_RES_2231_2015,1,1,1,0,0,0,1,0,0,0,1,0,0,2015,2010
2231,S_RES_2232_2015,1,1,0,1,0,0,0,1,0,0,1,1,1,2015,2010
2232,S_RES_2233_2015,1,1,0,0,0,0,0,0,0,0,1,0,0,2015,2010
2233,S_RES_2234_2015,1,1,0,0,0,0,0,0,0,0,1,0,0,2015,2010
2234,S_RES_2235_2015,1,1,0,1,0,0,0,0,0,0,1,0,0,2015,2010
2235,S_RES_2236_2015,1,1,0,0,0,0,0,1,0,0,1,1,1,2015,2010
2236,S_RES_2237_2015,1,1,0,1,0,0,0,1,0,0,1,1,1,2015,2010
2237,S_RES_2238_2015,0,1,0,0,0,0,0,1,0,0,1,1,1,2015,2010
2238,S_RES_2239_2015,1,1,0,1,0,0,0,1,0,0,1,1,1,2015,2010
2239,S_RES_2240_2015,1,1,0,1,0,0,0,1,0,0,1,1,0,2015,2010
2240,S_RES_2241_2015,1,1,0,1,0,0,0,1,1,1,1,1,1,2015,2010
2241,S_RES_2242_2015,1,1,0,0,0,0,0,1,0,0,1,1,0,2015,2010
2242,S_RES_2243_2015,1,1,0,1,0,0,0,1,0,0,1,1,0,2015,2010
2243,S_RES_2244_2015,1,1,0,1,0,0,0,1,0,0,1,1,1,2015,2010
2244,S_RES_2245_2015,1,1,0,0,0,0,0,0,1,0,1,0,0,2015,2010
2245,S_RES_2246_2015,1,1,0,1,0,0,0,1,0,0,1,1,1,2015,2010
2246,S_RES_2247_2015,1,1,0,1,0,0,0,1,0,1,0,1,1,2015,2010
2247,S_RES_2248_2015,0,1,0,0,0,0,0,0,1,0,1,0,0,2015,2010
2248,S_RES_2249_2015,0,1,0,0,0,0,0,1,0,0,0,1,1,2015,2010
2249,S_RES_2250_2015,0,1,0,0,0,0,1,1,1,0,1,1,0,2015,2010
2250,S_RES_2251_2015,1,1,0,1,0,0,0,1,1,0,1,1,1,2015,2010
2251,S_RES_2252_2015,1,1,0,1,0,0,0,1,1,0,1,1,1,2015,2010
2252,S_RES_2253_2015,1,1,0,1,0,0,0,1,0,0,1,1,1,2015,2010
2253,S_RES_2254_2015,0,1,0,0,0,0,0,0,1,0,1,0,0,2015,2010
2254,S_RES_2255_2015,1,1,0,1,0,0,0,1,0,0,1,1,1,2015,2010
2255,S_RES_2256_2015,1,1,0,1,0,0,0,0,0,0,1,0,0,2015,2010
2256,S_RES_2257_2015,1,0,0,0,0,0,0,0,0,0,1,0,0,2015,2010
2257,S_RES_2258_2015,1,1,1,0,0,0,0,1,1,0,1,0,1,2015,2010
2258,S_RES_2259_2015,0,1,0,0,0,0,0,1,0,0,1,1,1,2015,2010
2259,S_RES_2260_2016,1,1,0,1,0,0,0,1,0,0,0,1,1,2016,2010
2260,S_RES_2261_2016,1,0,0,0,0,0,0,0,0,0,1,0,0,2016,2010
2261,S_RES_2262_2016,1,1,0,1,0,0,0,1,0,0,1,1,1,2016,2010
2262,S_RES_2263_2016,1,1,0,0,0,0,0,0,0,0,1,0,0,2016,2010
2263,S_RES_2264_2016,1,1,0,1,0,0,0,1,0,0,1,1,1,2016,2010
2264,S_RES_2265_2016,1,1,0,1,0,0,0,1,1,0,1,1,1,2016,2010
2265,S_RES_2266_2016,1,1,0,1,0,0,0,1,0,0,1,1,1,2016,2010
2266,S_RES_2267_2016,1,1,0,0,0,0,0,1,0,0,1,0,1,2016,2010
2267,S_RES_2268_2016,0,1,0,0,0,0,0,0,1,0,1,0,0,2016,2010
2268,S_RES_2269_2016,1,1,0,1,0,0,0,0,0,0,0,0,0,2016,2010
2269,S_RES_2270_2016,1,1,0,1,0,0,0,1,1,0,1,1,1,2016,2010
2270,S_RES_2271_2016,1,1,0,1,0,0,1,1,0,0,0,1,1,2016,2010
2271,S_RES_2272_2016,0,0,0,0,0,0,0,1,0,0,1,1,0,2016,2010
2272,S_RES_2273_2016,1,1,0,0,0,0,0,1,0,0,1,1,1,2016,2010
2273,S_RES_2274_2016,1,1,0,0,0,0,0,1,0,0,1,0,1,2016,2010
2274,S_RES_2275_2016,1,1,0,0,0,0,0,0,1,0,1,0,0,2016,2010
2275,S_RES_2276_2016,1,1,0,1,0,0,1,1,0,0,1,1,1,2016,2010
2276,S_RES_2277_2016,1,1,0,1,0,0,0,1,1,1,1,1,1,2016,2010
2277,S_RES_2278_2016,1,1,0,1,0,0,0,1,0,0,1,1,1,2016,2010
2278,S_RES_2279_2016,0,1,0,0,0,0,0,0,1,0,1,0,0,2016,2010
2279,S_RES_2280_2016,1,1,0,1,0,0,1,1,0,0,0,1,1,2016,2010
2280,S_RES_2281_2016,1,1,0,1,0,0,0,1,0,1,1,1,1,2016,2010
2281,S_RES_2282_2016,0,1,0,0,0,0,0,1,0,0,1,1,0,2016,2010
2282,S_RES_2283_2016,1,0,0,1,0,0,0,0,0,0,0,0,0,2016,2010
2283,S_RES_2284_2016,1,1,0,1,0,0,0,1,0,1,1,1,0,2016,2010
2284,S_RES_2285_2016,1,1,0,0,0,0,0,0,0,0,1,0,0,2016,2010
2285,S_RES_2286_2016,0,0,0,0,0,0,0,1,1,0,1,1,0,2016,2010
2286,S_RES_2287_2016,1,1,0,1,0,0,0,1,1,0,1,1,1,2016,2010
2287,S_RES_2288_2016,1,0,0,1,0,0,0,0,0,0,0,0,0,2016,2010
2288,S_RES_2289_2016,1,1,0,1,0,0,0,1,0,1,1,1,1,2016,2010
2289,S_RES_2290_2016,1,1,0,1,0,0,1,1,1,0,1,1,1,2016,2010
2290,S_RES_2291_2016,1,1,0,0,0,0,0,1,0,0,1,1,1,2016,2010
2291,S_RES_2292_2016,1,1,0,1,0,0,0,1,0,1,1,1,0,2016,2010
2292,S_RES_2293_2016,1,1,0,1,0,0,0,1,1,0,1,1,1,2016,2010
2293,S_RES_2294_2016,1,0,0,0,0,0,0,0,0,0,1,0,0,2016,2010
2294,S_RES_2295_2016,1,1,0,1,0,0,0,1,1,1,1,1,1,2016,2010
2295,S_RES_2296_2016,1,1,0,1,0,0,0,1,1,0,1,1,1,2016,2010
2296,S_RES_2297_2016,1,1,0,1,0,0,0,1,0,0,1,1,1,2016,2010
2297,S_RES_2298_2016,1,1,0,1,0,0,0,1,0,0,1,1,1,2016,2010
2298,S_RES_2299_2016,1,1,0,0,0,0,0,1,0,0,1,1,1,2016,2010
2299,S_RES_2300_2016,1,1,0,0,0,0,0,0,0,0,1,0,0,2016,2010
2300,S_RES_2301_2016,1,1,0,1,0,0,0,1,1,1,1,1,1,2016,2010
2301,S_RES_2302_2016,1,1,0,1,0,0,0,1,0,1,0,1,1,2016,2010
2302,S_RES_2303_2016,0,1,0,0,0,0,0,0,1,1,1,0,0,2016,2010
2303,S_RES_2304_2016,1,1,0,1,0,0,0,1,1,1,1,1,1,2016,2010
2304,S_RES_2305_2016,1,1,0,0,0,0,0,1,0,0,1,1,1,2016,2010
2305,S_RES_2306_2016,1,1,0,1,0,0,0,0,0,0,0,0,0,2016,2010
2306,S_RES_2307_2016,0,0,0,0,0,0,0,0,0,1,0,0,0,2016,2010
2307,S_RES_2308_2016,1,1,0,1,0,0,0,1,0,0,0,1,1,2016,2010
2308,S_RES_2309_2016,0,1,0,0,0,0,0,1,0,0,1,1,1,2016,2010
2309,S_RES_2310_2016,0,1,0,0,0,0,0,1,0,0,0,1,1,2016,2010
2310,S_RES_2311_2016,0,0,0,0,0,0,0,0,0,0,0,0,0,2016,2010
2311,S_RES_2312_2016,1,1,0,1,0,0,0,1,0,0,1,1,0,2016,2010
2312,S_RES_2313_2016,1,1,0,1,0,0,0,1,0,0,1,1,0,2016,2010
2313,S_RES_2314_2016,1,1,0,0,0,0,0,0,0,0,0,0,0,2016,2010
2314,S_RES_2315_2016,1,1,0,1,0,0,0,1,0,1,0,1,1,2016,2010
2315,S_RES_2316_2016,1,1,0,1,0,0,0,1,0,0,1,1,1,2016,2010
2316,S_RES_2317_2016,1,1,0,1,0,0,0,1,0,0,1,1,1,2016,2010
2317,S_RES_2318_2016,1,1,0,1,0,0,0,1,1,0,1,1,1,2016,2010
2318,S_RES_2319_2016,1,1,0,0,0,0,0,0,0,0,1,0,0,2016,2010
2319,S_RES_2320_2016,0,1,0,0,0,0,0,1,1,0,1,1,0,2016,2010
2320,S_RES_2321_2016,1,1,0,1,0,0,0,1,0,0,1,1,1,2016,2010
2321,S_RES_2322_2016,0,0,0,0,0,0,0,0,0,0,1,0,0,2016,2010
2322,S_RES_2323_2016,1,1,0,0,0,0,0,1,0,0,1,1,1,2016,2010
2323,S_RES_2324_2016,0,0,0,0,0,0,0,0,0,0,0,0,0,2016,2010
2324,S_RES_2325_2016,1,1,0,1,0,0,0,1,0,0,1,1,1,2016,2010
2325,S_RES_2326_2016,1,1,0,1,0,0,0,1,0,1,0,1,1,2016,2010
2326,S_RES_2327_2016,1,1,0,1,0,0,0,1,1,1,1,1,1,2016,2010
2327,S_RES_2328_2016,0,1,0,0,0,0,0,0,1,0,1,0,0,2016,2010
2328,S_RES_2329_2016,1,1,0,1,0,0,0,0,0,0,0,0,0,2016,2010
2329,S_RES_2330_2016,1,0,0,0,0,0,0,0,0,0,1,0,0,2016,2010
2330,S_RES_2331_2016,0,1,0,0,0,0,0,1,0,0,1,1,0,2016,2010
2331,S_RES_2332_2016,1,1,1,0,0,0,0,1,1,0,1,0,1,2016,2010
2332,S_RES_2333_2016,1,1,0,1,0,0,0,1,0,1,1,1,0,2016,2010
2333,S_RES_2334_2016,0,1,0,0,0,0,0,0,0,0,1,0,0,2016,2010
2334,S_RES_2335_2016,0,1,0,1,0,0,0,0,0,1,1,0,0,2016,2010
2335,S_RES_2336_2016,0,1,0,0,0,0,0,0,0,0,0,0,0,2016,2010
2336,S_RES_2337_2017,0,1,0,0,0,0,0,0,0,0,1,0,0,2017,2010
2337,S_RES_2338_2017,1,1,0,0,0,0,0,0,0,0,1,0,0,2017,2010
2338,S_RES_2339_2017,1,1,0,1,0,0,0,1,0,0,1,1,1,2017,2010
2339,S_RES_2340_2017,1,1,0,1,0,0,0,1,1,0,1,1,1,2017,2010
2340,S_RES_2341_2017,0,1,0,0,0,0,0,1,0,0,1,1,1,2017,2010
2341,S_RES_2342_2017,1,1,0,1,0,0,0,1,0,0,1,1,1,2017,2010
2342,S_RES_2343_2017,1,1,0,0,0,0,0,1,0,0,1,0,1,2017,2010
2343,S_RES_2344_2017,1,1,0,0,0,0,0,0,0,0,1,0,0,2017,2010
2344,S_RES_2345_2017,1,1,0,1,0,0,1,1,0,0,1,1,1,2017,2010
2345,S_RES_2346_2017,1,1,0,0,0,0,0,0,0,0,0,0,0,2017,2010
2346,S_RES_2347_2017,0,1,0,0,0,0,0,1,0,0,1,1,0,2017,2010
2347,S_RES_2348_2017,1,1,0,1,0,0,0,1,1,1,1,1,1,2017,2010
2348,S_RES_2349_2017,0,0,0,0,0,0,0,1,0,0,1,1,0,2017,2010
2349,S_RES_2350_2017,1,1,0,1,0,0,0,1,0,1,1,1,0,2017,2010
2350,S_RES_2351_2017,1,1,0,0,0,0,0,0,0,0,1,0,0,2017,2010
2351,S_RES_2352_2017,1,1,0,1,0,0,0,1,1,0,1,1,1,2017,2010
2352,S_RES_2353_2017,1,1,0,1,0,0,1,1,0,0,0,1,1,2017,2010
2353,S_RES_2354_2017,0,1,0,0,0,0,0,1,0,0,1,1,0,2017,2010
2354,S_RES_2355_2017,1,1,0,1,0,0,0,1,0,1,1,1,1,2017,2010
2355,S_RES_2356_2017,1,1,0,1,0,0,0,1,0,0,0,1,1,2017,2010
2356,S_RES_2357_2017,1,1,0,1,0,0,0,1,0,0,1,1,0,2017,2010
2357,S_RES_2358_2017,1,1,0,0,0,0,0,0,0,0,1,0,0,2017,2010
2358,S_RES_2359_2017,0,1,0,0,0,0,0,1,0,0,1,1,1,2017,2010
2359,S_RES_2360_2017,1,1,0,1,0,0,0,1,1,0,1,1,1,2017,2010
2360,S_RES_2361_2017,1,0,0,0,0,0,0,0,0,0,1,0,0,2017,2010
2361,S_RES_2362_2017,1,1,0,1,0,0,0,1,0,0,1,1,1,2017,2010
2362,S_RES_2363_2017,1,1,0,1,0,0,0,1,1,0,1,1,1,2017,2010
2363,S_RES_2364_2017,1,1,0,1,0,0,0,1,1,1,1,1,1,2017,2010
2364,S_RES_2365_2017,0,1,0,0,0,0,0,0,0,0,1,0,0,2017,2010
2365,S_RES_2366_2017,1,0,0,0,0,0,0,0,0,0,1,0,0,2017,2010
2366,S_RES_2367_2017,1,1,0,0,0,0,0,1,0,0,1,1,1,2017,2010
2367,S_RES_2368_2017,1,1,0,1,0,0,0,1,0,0,1,1,1,2017,2010
2368,S_RES_2369_2017,1,1,0,0,0,0,0,0,0,0,1,0,0,2017,2010
2369,S_RES_2370_2017,0,1,0,0,0,0,0,1,0,0,0,1,0,2017,2010
2370,S_RES_2371_2017,1,1,0,1,0,0,0,1,1,0,1,1,1,2017,2010
2371,S_RES_2372_2017,1,1,0,1,0,0,0,1,0,0,1,1,1,2017,2010
2372,S_RES_2373_2017,1,1,0,0,0,0,0,1,0,0,1,1,1,2017,2010
2373,S_RES_2374_2017,1,1,0,1,0,0,0,1,0,0,1,1,1,2017,2010
2374,S_RES_2375_2017,1,1,0,1,0,0,0,1,0,0,1,1,1,2017,2010
2375,S_RES_2376_2017,1,1,0,0,0,0,0,1,0,0,1,1,1,2017,2010
2376,S_RES_2377_2017,0,0,0,0,0,0,0,0,0,0,0,0,0,2017,2010
2377,S_RES_2378_2017,0,1,0,0,0,0,0,1,0,0,1,1,0,2017,2010
2378,S_RES_2379_2017,1,1,0,0,0,0,0,1,0,0,1,1,1,2017,2010
2379,S_RES_2380_2017,1,1,0,1,0,0,0,1,0,0,1,1,0,2017,2010
2380,S_RES_2381_2017,1,0,0,0,0,0,0,0,0,0,1,0,0,2017,2010
2381,S_RES_2382_2017,0,0,0,0,0,0,0,1,0,0,1,1,0,2017,2010
2382,S_RES_2383_2017,1,1,0,1,0,0,0,1,0,0,1,1,1,2017,2010
2383,S_RES_2384_2017,1,1,0,1,0,0,0,1,0,1,0,1,1,2017,2010
2384,S_RES_2385_2017,1,1,0,1,0,0,0,1,0,0,1,1,1,2017,2010
2385,S_RES_2386_2017,1,1,0,1,0,0,0,1,1,0,1,1,1,2017,2010
2386,S_RES_2387_2017,1,1,0,1,0,0,0,1,1,1,1,1,1,2017,2010
2387,S_RES_2388_2017,0,1,0,0,0,0,0,1,0,0,1,1,0,2017,2010
2388,S_RES_2389_2017,0,0,0,0,0,0,0,0,1,0,1,0,0,2017,2010
2389,S_RES_2390_2017,0,0,0,1,0,0,0,0,0,0,0,0,0,2017,2010
2390,S_RES_2391_2017,1,1,0,0,0,0,0,1,0,0,1,1,1,2017,2010
2391,S_RES_2392_2017,1,1,0,1,0,0,0,1,0,1,0,1,1,2017,2010
2392,S_RES_2393_2017,1,1,1,0,0,0,0,1,1,0,1,0,1,2017,2010
2393,S_RES_2394_2017,1,0,0,0,0,0,0,0,0,0,1,0,0,2017,2010
2394,S_RES_2395_2017,1,1,0,0,0,0,0,1,0,0,1,1,1,2017,2010
2395,S_RES_2396_2017,1,1,0,1,0,0,0,1,0,0,1,1,1,2017,2010
2396,S_RES_2397_2017,1,1,0,1,0,0,0,1,1,0,1,1,1,2017,2010
2397,S_RES_2398_2018,1,1,0,0,0,0,0,0,0,0,1,0,0,2018,2010
2398,S_RES_2399_2018,1,1,0,1,0,0,0,1,0,0,1,1,1,2018,2010
2399,S_RES_2400_2018,1,1,0,1,0,0,0,1,0,0,1,1,1,2018,2010
2400,S_RES_2401_2018,0,1,1,0,0,0,0,1,1,0,1,0,1,2018,2010
2401,S_RES_2402_2018,1,1,0,1,0,0,0,1,0,0,1,1,1,2018,2010
2402,S_RES_2403_2018,1,0,0,0,0,0,0,0,0,0,0,0,0,2018,2010
2403,S_RES_2404_2018,1,1,0,0,0,0,0,1,0,0,1,0,1,2018,2010
2404,S_RES_2405_2018,1,1,0,0,0,0,0,0,0,0,1,0,0,2018,2010
2405,S_RES_2406_2018,1,1,0,1,0,0,0,1,1,1,1,1,1,2018,2010
2406,S_RES_2407_2018,1,1,0,1,0,0,1,1,0,0,1,1,1,2018,2010
2407,S_RES_2408_2018,1,1,0,0,0,0,0,0,0,0,1,0,0,2018,2010
2408,S_RES_2409_2018,1,1,0,1,0,0,0,1,1,1,1,1,1,2018,2010
2409,S_RES_2410_2018,1,1,0,1,0,0,0,1,0,1,1,1,0,2018,2010
2410,S_RES_2411_2018,1,1,0,0,0,0,0,1,0,0,0,1,1,2018,2010
2411,S_RES_2412_2018,1,1,0,0,0,0,0,1,0,0,1,1,1,2018,2010
2412,S_RES_2413_2018,1,1,0,0,0,0,0,0,0,0,0,0,0,2018,2010
2413,S_RES_2414_2018,1,1,0,0,0,0,0,0,0,0,1,0,0,2018,2010
2414,S_RES_2415_2018,1,1,0,1,0,0,0,1,0,1,1,1,1,2018,2010
2415,S_RES_2416_2018,1,1,0,1,0,0,0,1,1,0,1,1,1,2018,2010
2416,S_RES_2417_2018,0,0,0,0,0,0,0,1,0,0,1,1,1,2018,2010
2417,S_RES_2418_2018,1,1,0,1,0,0,1,1,0,0,1,1,1,2018,2010
2418,S_RES_2419_2018,0,1,0,0,0,0,0,1,0,0,1,1,0,2018,2010
2419,S_RES_2420_2018,1,1,0,1,0,0,0,1,0,0,1,1,0,2018,2010
2420,S_RES_2421_2018,1,1,0,0,0,0,0,0,0,0,1,0,0,2018,2010
2421,S_RES_2422_2018,1,1,0,1,0,0,0,0,0,0,1,0,0,2018,2010
2422,S_RES_2423_2018,1,1,0,1,0,0,0,1,1,1,1,1,1,2018,2010
2423,S_RES_2424_2018,1,1,0,1,0,0,0,1,0,0,1,1,1,2018,2010
2424,S_RES_2425_2018,1,1,0,1,0,0,0,1,0,0,0,1,1,2018,2010
2425,S_RES_2426_2018,1,0,0,0,0,0,0,0,0,0,1,0,0,2018,2010
2426,S_RES_2427_2018,0,1,0,0,0,0,0,1,1,0,1,1,0,2018,2010
2427,S_RES_2428_2018,1,1,0,1,0,0,0,0,1,0,1,0,0,2018,2010
2428,S_RES_2429_2018,1,1,0,1,0,0,0,1,1,1,1,1,1,2018,2010
2429,S_RES_2430_2018,1,1,0,0,0,0,0,0,0,0,1,0,0,2018,2010
2430,S_RES_2431_2018,1,1,0,1,0,0,0,1,1,0,1,1,1,2018,2010
2431,S_RES_2432_2018,1,1,0,1,0,0,0,1,0,0,1,1,1,2018,2010
2432,S_RES_2433_2018,1,1,0,0,0,0,0,1,0,0,1,1,1,2018,2010
2433,S_RES_2434_2018,1,1,0,0,0,0,0,1,0,0,1,1,1,2018,2010
2434,S_RES_2435_2018,1,0,0,0,0,0,0,0,0,0,0,0,0,2018,2010
2435,S_RES_2436_2018,0,1,0,0,0,0,0,1,0,0,1,1,0,2018,2010
2436,S_RES_2437_2018,1,1,0,1,0,0,0,1,0,0,0,1,0,2018,2010
2437,S_RES_2438_2018,1,1,0,0,0,0,0,1,0,0,1,1,1,2018,2010
2438,S_RES_2439_2018,0,1,0,0,0,0,0,1,1,0,1,1,1,2018,2010
2439,S_RES_2440_2018,1,1,0,0,0,0,0,0,0,0,1,0,0,2018,2010
2440,S_RES_2441_2018,1,1,0,1,0,0,0,1,0,0,1,1,1,2018,2010
2441,S_RES_2442_2018,1,1,0,1,0,0,0,1,0,0,1,1,1,2018,2010
2442,S_RES_2443_2018,1,1,0,1,0,0,0,1,0,1,0,1,1,2018,2010
2443,S_RES_2444_2018,1,1,0,1,0,0,0,1,0,0,1,1,1,2018,2010
2444,S_RES_2445_2018,1,1,0,1,0,0,0,1,1,0,1,1,1,2018,2010
2445,S_RES_2446_2018,1,1,0,1,0,0,0,1,0,0,0,1,1,2018,2010
2446,S_RES_2447_2018,0,0,0,0,0,0,0,1,0,0,1,1,0,2018,2010
2447,S_RES_2448_2018,1,1,0,1,0,0,0,1,1,1,1,1,1,2018,2010
2448,S_RES_2449_2018,1,1,1,0,0,0,0,1,1,0,1,0,1,2018,2010
2449,S_RES_2450_2018,1,0,0,0,0,0,0,0,0,0,1,0,0,2018,2010
2450,S_RES_2451_2018,0,1,0,0,0,0,0,1,0,1,1,1,0,2018,2010
2451,S_RES_2452_2019,1,1,0,0,0,0,0,0,0,0,1,0,0,2019,2010
2452,S_RES_2453_2019,1,1,0,0,0,0,0,0,0,0,1,0,0,2019,2010
2453,S_RES_2454_2019,1,1,0,1,0,0,0,1,0,0,1,1,1,2019,2010
2454,S_RES_2455_2019,1,1,0,1,0,0,0,1,0,0,1,1,1,2019,2010
2455,S_RES_2456_2019,1,1,0,1,0,0,0,1,0,0,1,1,1,2019,2010
2456,S_RES_2457_2019,0,0,0,0,0,0,0,1,1,0,1,1,0,2019,2010
2457,S_RES_2458_2019,1,1,0,0,0,0,0,1,0,0,1,0,1,2019,2010
2458,S_RES_2459_2019,1,1,0,1,0,0,0,1,1,1,1,1,1,2019,2010
2459,S_RES_2460_2019,1,1,0,0,0,0,0,0,0,0,1,0,0,2019,2010
2460,S_RES_2461_2019,1,1,0,0,0,0,0,0,0,0,1,0,0,2019,2010
2461,S_RES_2462_2019,1,0,0,1,0,0,0,1,1,0,1,1,0,2019,2010
2462,S_RES_2463_2019,1,1,0,1,0,0,0,1,1,1,1,1,1,2019,2010
2463,S_RES_2464_2019,1,1,0,1,0,0,1,1,0,0,1,1,1,2019,2010
2464,S_RES_2465_2019,1,1,0,0,0,0,0,1,0,0,1,1,1,2019,2010
2465,S_RES_2466_2019,1,1,0,1,0,0,0,1,0,1,1,1,0,2019,2010
2466,S_RES_2467_2019,0,1,0,0,0,0,0,1,0,0,1,1,0,2019,2010
2467,S_RES_2468_2019,1,1,0,0,0,0,0,0,0,0,1,0,0,2019,2010
2468,S_RES_2469_2019,1,1,0,1,0,0,0,1,1,0,1,1,1,2019,2010
2469,S_RES_2470_2019,1,1,0,0,0,0,0,0,0,0,1,0,0,2019,2010
2470,S_RES_2471_2019,1,1,0,1,0,0,0,1,0,0,0,1,1,2019,2010
2471,S_RES_2472_2019,1,1,0,1,0,0,0,1,0,0,1,1,1,2019,2010
2472,S_RES_2473_2019,1,1,0,1,0,0,0,1,0,0,1,1,0,2019,2010
2473,S_RES_2474_2019,0,0,0,0,0,0,0,1,0,0,1,1,0,2019,2010
2474,S_RES_2475_2019,0,0,0,0,0,0,0,1,0,0,1,1,0,2019,2010
2475,S_RES_2476_2019,0,1,0,0,0,0,0,0,0,0,1,0,0,2019,2010
2476,S_RES_2477_2019,1,0,0,0,0,0,0,0,0,0,1,0,0,2019,2010
2477,S_RES_2478_2019,1,1,0,1,0,0,0,1,0,0,1,1,1,2019,2010
2478,S_RES_2479_2019,1,1,0,1,0,0,0,1,0,0,1,1,1,2019,2010
2479,S_RES_2480_2019,1,1,0,1,0,0,0,1,1,1,1,1,1,2019,2010
2480,S_RES_2481_2019,1,1,0,0,0,0,0,0,0,0,1,0,0,2019,2010
2481,S_RES_2482_2019,1,0,0,0,0,0,0,0,0,0,1,0,0,2019,2010
2482,S_RES_2483_2019,1,1,0,0,0,0,0,0,0,0,1,0,0,2019,2010
2483,S_RES_2484_2019,1,1,0,1,0,0,0,1,0,0,1,1,1,2019,2010
2484,S_RES_2485_2019,1,1,0,0,0,0,0,1,0,0,1,1,1,2019,2010
2485,S_RES_2486_2019,1,1,0,0,0,0,0,1,0,0,1,1,1,2019,2010
2486,S_RES_2487_2019,1,0,0,0,0,0,0,0,0,0,0,0,0,2019,2010
2487,S_RES_2488_2019,1,1,0,1,0,0,0,1,0,0,1,1,1,2019,2010
2488,S_RES_2489_2019,1,1,0,0,0,0,0,0,0,0,1,0,0,2019,2010
2489,S_RES_2490_2019,1,1,0,0,0,0,0,1,0,0,1,1,1,2019,2010
2490,S_RES_2491_2019,1,1,0,1,0,0,0,1,0,0,1,1,0,2019,2010
2491,S_RES_2492_2019,1,1,0,0,0,0,0,1,0,0,0,1,1,2019,2010
2492,S_RES_2493_2019,0,1,0,0,0,0,0,1,0,0,1,1,0,2019,2010
2493,S_RES_2494_2019,1,1,0,0,0,0,0,0,0,0,1,0,0,2019,2010
2494,S_RES_2495_2019,1,1,0,1,0,0,0,1,0,0,1,1,1,2019,2010
2495,S_RES_2496_2019,1,1,0,1,0,0,0,1,0,1,0,1,1,2019,2010
2496,S_RES_2497_2019,1,1,0,1,0,0,0,1,1,0,1,1,1,2019,2010
2497,S_RES_2498_2019,1,1,0,1,0,0,0,1,0,0,1,1,1,2019,2010
2498,S_RES_2499_2019,1,1,0,1,0,0,0,1,1,1,1,1,1,2019,2010
2499,S_RES_2500_2019,1,1,0,1,0,0,0,1,0,0,1,1,1,2019,2010
2500,S_RES_2501_2019,1,1,0,1,0,0,0,1,0,0,0,1,1,2019,2010
2501,S_RES_2502_2019,1,1,0,1,0,0,0,1,1,1,1,1,1,2019,2010
2502,S_RES_2503_2019,1,0,0,0,0,0,0,0,0,0,1,0,0,2019,2010
2503,S_RES_2504_2020,1,1,1,0,0,0,0,1,1,0,1,0,1,2020,2020
2504,S_RES_2505_2020,1,1,0,0,0,0,0,0,0,0,1,0,0,2020,2020
2505,S_RES_2506_2020,1,1,0,0,0,0,0,0,0,0,1,0,0,2020,2020
2506,S_RES_2507_2020,1,1,0,1,0,0,0,1,0,0,1,1,1,2020,2020
2507,S_RES_2508_2020,1,1,0,1,0,0,0,1,0,0,1,1,1,2020,2020
2508,S_RES_2509_2020,1,1,0,1,0,0,0,1,0,0,1,1,1,2020,2020
2509,S_RES_2510_2020,0,1,0,0,0,0,0,1,1,0,1,1,1,2020,2020
2510,S_RES_2511_2020,1,1,0,1,0,0,0,1,0,0,1,1,1,2020,2020
2511,S_RES_2512_2020,1,1,0,0,0,0,0,0,0,0,1,0,0,2020,2020
2512,S_RES_2513_2020,0,1,0,0,0,0,0,0,0,0,1,0,0,2020,2020
2513,S_RES_2514_2020,1,1,0,1,0,0,0,1,1,1,1,1,1,2020,2020
2514,S_RES_2515_2020,1,1,0,1,0,0,1,1,0,0,1,1,1,2020,2020
2515,S_RES_2516_2020,1,0,0,0,0,0,0,0,0,0,1,0,0,2020,2020
2516,S_RES_2517_2020,1,1,0,1,0,0,0,1,0,0,0,1,1,2020,2020
2517,S_RES_2518_2020,0,1,0,0,0,0,0,1,0,0,1,1,0,2020,2020
2518,S_RES_2519_2020,1,1,0,1,0,0,0,1,0,0,1,1,1,2020,2020
2519,S_RES_2520_2020,1,1,0,1,0,0,0,1,0,0,1,1,1,2020,2020
2520,S_RES_2521_2020,1,1,0,1,0,0,0,1,0,0,1,1,1,2020,2020
2521,S_RES_2522_2020,1,1,0,0,0,0,0,0,0,0,1,0,0,2020,2020
2522,S_RES_2523_2020,1,1,0,1,0,0,0,1,0,0,0,1,1,2020,2020
2523,S_RES_2524_2020,1,1,0,0,0,0,0,0,0,0,1,0,0,2020,2020
2524,S_RES_2525_2020,1,1,0,1,0,0,0,1,0,0,1,1,1,2020,2020
2525,S_RES_2526_2020,1,1,0,1,0,0,0,1,0,0,1,1,0,2020,2020
2526,S_RES_2527_2020,1,0,0,0,0,0,0,0,0,0,1,0,0,2020,2020
2527,S_RES_2528_2020,1,1,0,1,0,0,0,1,0,0,1,1,1,2020,2020
2528,S_RES_2529_2020,1,1,0,1,0,0,0,0,0,0,1,0,0,2020,2020
2529,S_RES_2530_2020,1,0,0,0,0,0,0,0,0,0,1,0,0,2020,2020
2530,S_RES_2531_2020,1,1,0,1,0,0,0,1,1,1,1,1,1,2020,2020
2531,S_RES_2532_2020,0,1,0,0,0,0,0,1,1,0,1,1,0,2020,2020
2532,S_RES_2533_2020,1,1,1,0,0,0,0,1,1,0,1,0,1,2020,2020
2533,S_RES_2534_2020,1,1,0,0,0,0,0,0,0,0,1,0,0,2020,2020
2534,S_RES_2535_2020,0,1,0,0,0,0,0,1,0,0,1,1,0,2020,2020
2535,S_RES_2536_2020,1,1,0,1,0,0,0,1,0,0,1,1,1,2020,2020
2536,S_RES_2537_2020,1,1,0,0,0,0,0,0,0,0,1,0,0,2020,2020
2537,S_RES_2538_2020,0,1,0,0,0,0,0,1,1,0,1,1,0,2020,2020
2538,S_RES_2539_2020,1,1,0,0,0,0,0,1,0,1,1,1,1,2020,2020
2539,S_RES_2540_2020,1,1,0,0,0,0,0,0,1,0,1,0,0,2020,2020
2540,S_RES_2541_2020,1,1,0,1,0,0,0,1,0,0,1,1,1,2020,2020
2541,S_RES_2542_2020,1,1,0,0,0,0,0,1,1,0,1,1,1,2020,2020
2542,S_RES_2543_2020,1,1,0,0,0,0,0,1,0,0,1,0,1,2020,2020
2543,S_RES_2544_2020,1,1,0,0,0,0,0,1,0,0,1,1,1,2020,2020
2544,S_RES_2545_2020,1,0,0,0,0,0,0,0,0,0,0,0,0,2020,2020
2545,S_RES_2546_2020,1,1,0,1,0,0,0,1,0,0,1,1,0,2020,2020
2546,S_RES_2547_2020,1,1,0,0,0,0,0,0,0,0,0,0,0,2020,2020
2547,S_RES_2548_2020,1,1,0,0,0,0,0,0,0,0,1,0,0,2020,2020
2548,S_RES_2549_2020,1,1,0,1,0,0,0,1,0,1,0,1,1,2020,2020
2549,S_RES_2550_2020,1,1,0,1,0,0,0,1,1,0,1,1,1,2020,2020
2550,S_RES_2551_2020,1,1,0,1,0,0,0,1,0,0,1,1,1,2020,2020
2551,S_RES_2552_2020,1,1,0,1,0,0,0,1,1,1,1,1,1,2020,2020
2552,S_RES_2553_2020,0,1,0,0,0,0,0,1,0,0,1,1,0,2020,2020
2553,S_RES_2554_2020,1,1,0,1,0,0,0,1,0,0,1,1,1,2020,2020
2554,S_RES_2555_2020,1,0,0,0,0,0,0,0,0,0,1,0,0,2020,2020
2555,S_RES_2556_2020,1,1,0,1,0,0,0,1,1,1,1,1,1,2020,2020
2556,S_RES_2557_2020,1,1,0,1,0,0,0,1,0,0,0,1,1,2020,2020
2557,S_RES_2558_2020,0,1,0,0,0,0,0,0,0,0,1,0,0,2020,2020
2558,S_RES_2559_2020,1,1,0,0,0,0,0,0,0,0,1,0,0,2020,2020
2559,S_RES_2560_2020,0,1,0,0,0,0,0,1,0,0,1,1,0,2020,2020
2560,S_RES_2561_2021,1,1,0,0,0,0,0,0,0,0,1,0,0,2021,2020
2561,S_RES_2562_2021,1,1,0,1,0,0,0,1,0,0,1,1,1,2021,2020
2562,S_RES_2563_2021,1,1,0,1,0,0,0,1,0,1,1,1,1,2021,2020
2563,S_RES_2564_2021,1,1,0,1,0,0,0,1,0,0,1,1,1,2021,2020
2564,S_RES_2565_2021,0,1,0,0,0,0,0,1,1,0,1,1,0,2021,2020
2565,S_RES_2566_2021,1,1,0,1,0,0,0,1,0,0,1,1,1,2021,2020
2566,S_RES_2567_2021,1,1,0,1,0,0,0,1,1,1,1,1,1,2021,2020
2567,S_RES_2568_2021,1,1,0,1,0,0,0,1,0,0,1,1,0,2021,2020
2568,S_RES_2569_2021,1,1,0,1,0,0,1,1,0,0,1,1,1,2021,2020
2569,S_RES_2570_2021,0,1,0,0,0,0,0,1,1,0,1,1,1,2021,2020
2570,S_RES_2571_2021,1,1,0,1,0,0,0,1,0,0,1,1,1,2021,2020
2571,S_RES_2572_2021,1,1,0,1,0,0,0,0,0,0,1,0,0,2021,2020
2572,S_RES_2573_2021,0,0,0,0,0,0,0,1,1,0,1,1,0,2021,2020
2573,S_RES_2574_2021,1,0,0,0,0,0,0,0,0,0,0,0,0,2021,2020
2574,S_RES_2575_2021,1,1,0,1,0,0,0,1,0,0,1,1,1,2021,2020
2575,S_RES_2576_2021,1,1,0,0,0,0,0,0,0,0,1,0,0,2021,2020
2576,S_RES_2577_2021,1,1,0,1,0,0,0,1,0,0,1,1,1,2021,2020
2577,S_RES_2578_2021,1,1,0,1,0,0,0,1,0,0,1,1,0,2021,2020
2578,S_RES_2579_2021,1,1,0,0,0,0,0,0,0,0,1,0,0,2021,2020
2579,S_RES_2580_2021,0,0,0,0,0,0,0,0,0,0,0,0,0,2021,2020
2580,S_RES_2581_2021,1,0,0,0,0,0,0,0,0,0,1,0,0,2021,2020
2581,S_RES_2582_2021,1,1,0,1,0,0,0,1,1,0,1,1,1,2021,2020
2582,S_RES_2583_2021,1,0,0,0,0,0,0,0,0,0,0,0,0,2021,2020
2583,S_RES_2584_2021,1,1,0,1,0,0,0,1,1,1,1,1,1,2021,2020
2584,S_RES_2585_2021,1,1,1,0,0,0,0,1,1,0,1,0,1,2021,2020
2585,S_RES_2586_2021,1,1,0,0,0,0,0,0,1,0,1,0,0,2021,2020
2586,S_RES_2587_2021,1,1,0,0,0,0,0,0,0,0,1,0,0,2021,2020
2587,S_RES_2588_2021,1,1,0,1,0,0,0,1,0,0,1,1,1,2021,2020
2588,S_RES_2589_2021,0,1,0,0,0,0,0,1,0,0,1,1,0,2021,2020
2589,S_RES_2590_2021,1,1,0,1,0,0,0,1,0,0,1,1,1,2021,2020
2590,S_RES_2591_2021,1,1,0,0,0,0,0,1,0,0,1,1,1,2021,2020
2591,S_RES_2592_2021,1,1,0,0,0,0,0,0,1,0,1,0,0,2021,2020
2592,S_RES_2593_2021,0,1,0,0,0,0,0,0,1,0,1,0,0,2021,2020
2593,S_RES_2594_2021,0,1,0,0,0,0,0,1,0,0,1,1,0,2021,2020
2594,S_RES_2595_2021,1,1,0,0,0,0,0,1,0,0,0,1,1,2021,2020
2595,S_RES_2596_2021,1,1,0,0,0,0,0,0,0,0,1,0,0,2021,2020
2596,S_RES_2597_2021,1,1,0,0,0,0,0,1,0,0,1,1,1,2021,2020
2597,S_RES_2598_2021,1,1,0,1,0,0,0,1,0,0,1,1,0,2021,2020
2598,S_RES_2599_2021,1,1,0,0,0,0,0,1,0,0,0,1,1,2021,2020
2599,S_RES_2600_2021,1,1,0,0,0,0,0,0,0,0,1,0,0,2021,2020
2600,S_RES_2601_2021,0,1,0,0,0,0,0,1,1,0,1,1,0,2021,2020
2601,S_RES_2602_2021,1,1,0,0,0,0,0,0,0,0,1,0,0,2021,2020
2602,S_RES_2603_2021,1,0,0,0,0,0,0,0,0,0,0,0,0,2021,2020
2603,S_RES_2604_2021,1,1,0,1,0,0,0,1,0,1,0,1,1,2021,2020
2604,S_RES_2605_2021,1,1,0,1,0,0,0,1,1,1,1,1,1,2021,2020
2605,S_RES_2606_2021,1,1,0,0,0,0,0,1,0,0,0,1,1,2021,2020
2606,S_RES_2607_2021,1,1,0,1,0,0,0,1,0,1,1,1,1,2021,2020
2607,S_RES_2608_2021,1,1,0,1,0,0,0,1,0,0,1,1,1,2021,2020
2608,S_RES_2609_2021,1,1,0,1,0,0,0,1,1,0,1,1,1,2021,2020
2609,S_RES_2610_2021,1,1,0,1,0,0,0,1,1,0,1,1,1,2021,2020
2610,S_RES_2611_2021,1,1,0,1,0,0,0,1,0,0,0,1,1,2021,2020
2611,S_RES_2612_2021,1,1,0,1,0,0,0,1,1,1,1,1,1,2021,2020
2612,S_RES_2613_2021,1,0,0,0,0,0,0,0,0,0,1,0,0,2021,2020
2613,S_RES_2614_2021,1,1,0,1,0,0,0,1,0,1,1,1,1,2021,2020
2614,S_RES_2615_2021,1,1,0,1,0,0,0,1,1,0,1,1,1,2021,2020
2615,S_RES_2616_2021,0,0,0,0,0,0,0,1,0,0,1,1,1,2021,2020
2616,S_RES_2617_2021,1,1,0,0,0,0,0,1,0,0,1,1,1,2021,2020
2617,S_RES_2618_2022,1,1,0,0,0,0,0,0,0,0,1,0,0,2022,2020
2618,S_RES_2619_2022,1,1,0,0,0,0,0,1,0,0,0,1,1,2022,2020
2619,S_RES_2620_2022,1,1,0,1,0,0,0,1,0,0,1,1,1,2022,2020
2620,S_RES_2621_2022,1,0,0,1,0,0,0,0,0,0,1,0,0,2022,2020
2621,S_RES_2622_2022,1,1,0,1,0,0,0,0,0,0,1,0,0,2022,2020
2622,S_RES_2623_2022,1,0,0,0,0,0,0,1,0,0,0,1,0,2022,2020
2623,S_RES_2624_2022,1,1,0,1,0,0,0,1,0,0,1,1,1,2022,2020
2624,S_RES_2625_2022,1,1,0,1,0,0,0,1,1,1,1,1,1,2022,2020
2625,S_RES_2626_2022,1,1,0,0,0,0,0,1,0,0,1,0,1,2022,2020
2626,S_RES_2627_2022,1,1,0,1,0,0,1,1,0,0,1,1,1,2022,2020
2627,S_RES_2628_2022,1,1,0,1,0,0,0,1,0,1,1,1,1,2022,2020
2628,S_RES_2629_2022,1,1,0,0,0,0,0,1,1,0,1,1,1,2022,2020
2629,S_RES_2630_2022,1,1,0,1,0,0,0,1,0,0,1,1,1,2022,2020
2630,S_RES_2631_2022,1,1,0,0,0,0,0,0,0,0,1,0,0,2022,2020
2631,S_RES_2632_2022,1,1,0,0,0,0,0,0,0,0,1,0,0,2022,2020
2632,S_RES_2633_2022,1,1,0,1,0,0,0,1,0,0,1,1,1,2022,2020
2633,S_RES_2634_2022,0,1,0,0,0,0,0,0,0,0,1,0,0,2022,2020
2634,S_RES_2635_2022,1,1,0,1,0,0,0,1,0,0,1,1,0,2022,2020
2635,S_RES_2636_2022,1,1,0,0,0,0,0,0,0,0,1,0,0,2022,2020
2636,S_RES_2637_2022,1,1,0,1,0,0,0,0,0,0,1,0,0,2022,2020
2637,S_RES_2638_2022,1,0,0,0,0,0,0,0,0,0,0,0,0,2022,2020
2638,S_RES_2639_2022,1,0,0,0,0,0,0,0,0,0,1,0,0,2022,2020
2639,S_RES_2640_2022,1,1,0,1,0,0,0,1,1,1,1,1,1,2022,2020
2640,S_RES_2641_2022,1,1,0,1,0,0,0,1,1,0,1,1,1,2022,2020
2641,S_RES_2642_2022,1,1,1,0,0,0,0,1,1,0,1,0,1,2022,2020
2642,S_RES_2643_2022,1,1,0,0,0,0,0,0,1,0,1,0,0,2022,2020
2643,S_RES_2644_2022,1,1,0,1,0,0,0,1,1,0,1,1,1,2022,2020
2644,S_RES_2645_2022,1,1,0,0,0,0,0,0,1,0,1,0,0,2022,2020
2645,S_RES_2646_2022,1,1,0,0,0,0,0,0,0,0,1,0,0,2022,2020
2646,S_RES_2647_2022,1,1,0,0,0,0,0,1,1,0,1,1,1,2022,2020
2647,S_RES_2648_2022,1,1,0,1,0,0,0,1,0,0,1,1,1,2022,2020
2648,S_RES_2649_2022,1,1,0,1,0,0,0,1,0,0,1,1,1,2022,2020
2649,S_RES_2650_2022,1,1,0,0,0,0,0,1,1,0,1,1,1,2022,2020
2650,S_RES_2651_2022,1,1,0,0,0,0,0,1,0,0,1,1,1,2022,2020
2651,S_RES_2652_2022,1,1,0,1,0,0,0,1,0,0,1,1,0,2022,2020
2652,S_RES_2653_2022,1,1,0,1,0,0,0,1,1,0,1,1,1,2022,2020
2653,S_RES_2654_2022,1,1,0,0,0,0,0,0,0,0,1,0,0,2022,2020
2654,S_RES_2655_2022,1,0,0,0,0,0,0,0,0,0,1,0,0,2022,2020
2655,S_RES_2656_2022,1,1,0,0,0,0,0,1,1,0,1,1,1,2022,2020
2656,S_RES_2657_2022,1,1,0,0,0,0,0,1,1,0,1,0,1,2022,2020
2657,S_RES_2658_2022,1,1,0,1,0,0,0,1,0,1,0,1,1,2022,2020
2658,S_RES_2659_2022,1,1,0,1,0,0,0,1,1,1,1,1,1,2022,2020
2659,S_RES_2660_2022,1,1,0,1,0,0,0,1,0,0,1,1,1,2022,2020
2660,S_RES_2661_2022,1,1,0,0,0,0,0,0,0,0,0,0,0,2022,2020
2661,S_RES_2662_2022,1,1,0,1,0,0,0,1,0,0,1,1,1,2022,2020
2662,S_RES_2663_2022,1,1,0,1,0,0,0,1,0,0,1,1,1,2022,2020
2663,S_RES_2664_2022,1,0,0,1,0,0,0,1,0,0,1,1,0,2022,2020
2664,S_RES_2665_2022,1,1,0,1,0,0,0,1,0,0,0,1,1,2022,2020
2665,S_RES_2666_2022,1,1,0,1,0,0,0,1,1,1,1,1,1,2022,2020
2666,S_RES_2667_2022,1,1,0,1,0,0,0,1,0,0,1,1,1,2022,2020
2667,S_RES_2668_2022,0,0,0,0,0,0,0,1,0,0,1,1,0,2022,2020
2668,S_RES_2669_2022,0,1,0,0,0,0,0,0,1,0,1,0,0,2022,2020
2669,S_RES_2670_2022,1,1,0,1,0,0,0,0,0,0,1,0,0,2022,2020
2670,S_RES_2671_2022,1,0,0,0,0,0,0,0,0,0,1,0,0,2022,2020
2671,S_RES_2672_2023,1,1,1,0,0,0,0,1,1,0,1,0,1,2023,2020
2672,S_RES_2673_2023,1,0,0,0,0,0,0,0,0,0,0,0,0,2023,2020
2673,S_RES_2674_2023,1,1,0,0,0,0,0,0,0,0,1,0,0,2023,2020
2674,S_RES_2675_2023,1,1,0,1,0,0,0,1,0,0,1,1,1,2023,2020
2675,S_RES_2676_2023,1,1,0,1,0,0,0,1,0,0,1,1,1,2023,2020
2676,S_RES_2677_2023,1,1,0,1,0,0,0,1,1,1,1,1,1,2023,2020
2677,S_RES_2678_2023,1,1,0,0,0,0,0,0,0,0,1,0,0,2023,2020
2678,S_RES_2679_2023,0,1,0,0,0,0,0,0,0,0,1,0,0,2023,2020
2679,S_RES_2680_2023,1,1,0,1,0,0,1,1,0,0,1,1,1,2023,2020
2680,S_RES_2681_2023,0,1,0,0,0,0,0,0,0,0,0,0,0,2023,2020
2681,S_RES_2682_2023,1,1,0,0,0,0,0,0,0,0,1,0,0,2023,2020
2682,S_RES_2683_2023,1,1,0,1,0,0,0,1,0,0,1,1,1,2023,2020
2683,S_RES_2684_2023,1,1,0,1,0,0,0,1,0,0,1,1,0,2023,2020
2684,S_RES_2685_2023,1,1,0,0,0,0,0,0,0,0,1,0,0,2023,2020
2685,S_RES_2686_2023,0,0,0,0,0,0,0,1,0,0,1,1,0,2023,2020
2686,S_RES_2687_2023,1,1,0,1,0,0,0,1,1,1,1,0,1,2023,2020
2687,S_RES_2688_2023,1,1,0,1,0,0,0,1,1,0,1,1,1,2023,2020
2688,S_RES_2689_2023,1,0,0,0,0,0,0,0,0,0,1,0,0,2023,2020
2689,S_RES_2690_2023,1,1,0,1,0,0,0,1,0,0,1,1,1,2023,2020
2690,S_RES_2691_2023,1,1,0,0,0,0,0,0,0,0,1,0,0,2023,2020
2691,S_RES_2692_2023,1,1,0,0,0,0,0,1,1,0,1,1,1,2023,2020
2692,S_RES_2693_2023,1,1,0,1,0,0,0,1,0,0,1,1,1,2023,2020
2693,S_RES_2694_2023,1,0,0,0,0,0,0,0,0,1,0,0,0,2023,2020
2694,S_RES_2695_2023,1,1,0,0,0,0,0,1,1,0,1,1,1,2023,2020
2695,S_RES_2696_2023,1,1,0,1,0,0,0,1,0,0,0,1,1,2023,2020
2696,S_RES_2697_2023,1,1,0,0,0,0,0,1,0,0,1,1,1,2023,2020
2697,S_RES_2698_2023,1,1,0,1,0,0,0,1,0,0,1,1,0,2023,2020
2698,S_RES_2699_2023,1,1,0,1,0,0,0,1,0,1,1,1,1,2023,2020
2699,S_RES_2700_2023,1,1,0,1,0,0,0,1,1,0,1,1,1,2023,2020
2700,S_RES_2701_2023,1,1,0,1,0,0,0,1,1,0,1,1,1,2023,2020
2701,S_RES_2702_2023,1,1,0,0,0,0,0,1,1,0,1,1,1,2023,2020
2702,S_RES_2703_2023,1,1,0,0,0,0,0,0,0,0,1,0,0,2023,2020
2703,S_RES_2704_2023,1,0,0,0,0,0,0,0,0,0,0,0,0,2023,2020
2704,S_RES_2705_2023,1,1,0,0,0,0,0,1,1,0,1,0,1,2023,2020
2705,S_RES_2706_2023,1,1,0,1,0,0,0,1,0,1,0,1,1,2023,2020
2706,S_RES_2707_2023,1,1,0,1,0,0,0,1,0,0,1,1,1,2023,2020
2707,S_RES_2708_2023,1,1,0,1,0,0,0,1,0,0,1,1,1,2023,2020
2708,S_RES_2709_2023,1,1,0,1,0,0,0,1,1,1,1,1,1,2023,2020
2709,S_RES_2710_2023,1,1,0,1,0,0,0,1,0,1,1,0,1,2023,2020
2710,S_RES_2711_2023,1,1,0,1,0,0,0,1,0,0,0,1,1,2023,2020
2711,S_RES_2712_2023,0,1,0,0,0,0,0,0,1,0,1,0,0,2023,2020
2712,S_RES_2713_2023,1,1,0,1,0,0,0,1,0,0,1,1,1,2023,2020
2713,S_RES_2714_2023,1,0,0,1,0,0,0,1,0,0,1,0,1,2023,2020
2714,S_RES_2715_2023,1,1,0,0,0,0,0,0,0,0,1,0,0,2023,2020
2715,S_RES_2716_2023,1,1,0,1,0,0,0,1,0,0,0,1,1,2023,2020
2716,S_RES_2717_2023,1,1,0,1,0,0,0,1,1,1,1,1,1,2023,2020
2717,S_RES_2718_2023,1,0,0,0,0,0,0,0,0,0,1,0,0,2023,2020
2718,S_RES_2719_2023,1,0,0,0,0,0,0,1,0,1,1,1,0,2023,2020
2719,S_RES_2720_2023,0,1,0,0,0,0,0,0,1,0,1,0,0,2023,2020
2720,S_RES_2721_2023,0,1,0,0,0,0,0,0,0,0,1,0,0,2023,2020
